variant,win,n,final,sh_dollar,max_dd,yield_pct,win_rate,med_1y,years_neg
§0.64 canon,IS,4994,95251.21,1.36,-29.87,10.18,47.0,2.5,1
§0.64 canon,OOT,839,41499.39,3.51,-8.31,16.97,49.3,6.6,0
bull sleeve only (no bear),IS,4019,89159.74,1.42,-33.08,11.67,47.9,1.3,1
bull sleeve only (no bear),OOT,757,32950.43,2.59,-8.31,11.54,47.4,1.6,0
- regime,IS,6088,107665.55,1.66,-29.87,9.74,47.3,-2.0,1
- regime,OOT,963,36582.99,3.27,-8.31,11.39,46.8,4.2,0
- parity,IS,5164,96215.14,1.35,-29.87,9.99,46.9,2.4,1
- parity,OOT,896,42420.1,3.45,-7.1,16.61,48.9,8.2,0
- earnings,IS,5317,89428.05,1.2,-31.23,8.81,46.6,2.5,1
- earnings,OOT,884,42873.3,3.64,-8.54,17.31,49.5,6.6,0
- exdiv,IS,5456,91919.69,1.23,-35.51,9.04,45.4,2.6,1
- exdiv,OOT,871,41816.75,3.44,-8.22,16.65,48.9,6.7,0
- ground thr,IS,8019,127171.06,1.29,-33.53,8.84,46.8,9.2,1
- ground thr,OOT,1255,43825.42,3.15,-18.14,11.97,48.0,11.6,0
"- all gates (top-10 bull puts by GROUND, any day)",IS,10685,113582.43,1.11,-45.1,6.03,44.7,2.4,1
"- all gates (top-10 bull puts by GROUND, any day)",OOT,1435,40871.55,3.03,-9.43,9.57,44.9,8.6,0
"- all gates, bull only",IS,9710,107490.96,0.92,-56.89,6.22,44.8,2.0,1
"- all gates, bull only",OOT,1353,32322.59,1.5,-38.86,6.05,43.6,6.4,0
