day,hm,ticker,spread_type,short_strike,long_strike,width,exp,DTE,entry_price,net_credit,model_credit,model_cw,quote_over_model,IV,p,q,ro,G,EV,D_ent,GROUND,G24,settle,PutCall,short_bid,short_ask,long_bid,long_ask,leg_mid,book,book_w,quote_ok,slot,r,pnl_104,arm
2026-08-20,1531,AMGN,bull_put,432.5,430.0,2.5,2026-08-21,1,432.04,1.675,1.1314,0.4525599999999999,1.4804666784514762,0.4199,0.4358974358974359,0.3925049309664694,0.1715976331360946,-0.0005048916889309,-0.0005047642525702,0.1452218708636725,-0.000282365974152,-1.54678951151148e-05,439.33,put,3.15,6.05,1.5,4.35,1.6749999999999998,5.75,2.3,False,15:30,3.0,117.67,old gate
2026-08-20,1531,COST,bull_put,932.5,930.0,2.5,2026-08-21,1,930.85,1.525,1.288,0.5152,1.1840062111801242,0.2713,0.4122287968441814,0.4792899408284023,0.1084812623274161,-0.0004593574113938,-0.000459251922931,0.1840512389956499,-0.0002199486159515,-5.542076085874424e-06,947.74,put,5.25,7.85,4.2,5.85,1.5249999999999995,4.249999999999999,1.6999999999999997,False,15:30,2.0,133.95,old gate
2026-08-20,1531,GILD,bull_put,145.0,144.0,1.0,2026-08-21,1,144.42,0.62,0.5146,0.5146,1.2048192771084338,0.3507,0.3648915187376725,0.4398422090729783,0.1952662721893491,-0.0005725023840434,-0.0005723385358229,0.089135134427557,-0.0004006908267998,-6.738937980816453e-05,146.12,put,1.02,1.59,0.52,0.85,0.6200000000000001,0.9,0.9,True,15:30,5.0,53.52,old gate
2026-08-20,1531,INTC,bull_put,93.0,92.5,0.5,2026-08-21,1,92.295,0.305,0.2831,0.5662,1.0773578240904274,0.6471,0.3727810650887574,0.5857988165680473,0.0414201183431952,-0.0010533793125723,-0.0010528247033393,0.2218057115785296,-0.0004335508881612,-5.1340506439775865e-06,90.07,put,1.57,1.65,1.28,1.33,0.3049999999999997,0.1299999999999999,0.2599999999999998,True,15:30,1.0,-20.560000000000002,old gate
2026-08-20,1531,ISRG,bull_put,377.5,375.0,2.5,2026-08-21,1,376.755,1.925,1.1787,0.47148,1.6331551709510477,0.4373,0.4122287968441814,0.388560157790927,0.1992110453648915,-0.0003515989489594,-0.0003515371452925,0.1294917612481917,-0.0002094213680036,-1.5713388383190097e-05,378.81,put,2.8,8.1,1.55,5.5,1.9249999999999994,9.25,3.7,False,15:30,4.0,122.58,old gate
2026-08-20,1531,PEP,bull_put,143.0,142.0,1.0,2026-08-21,1,142.67,0.465,0.4574,0.4574,1.0166156536947968,0.2567,0.3964497041420118,0.3570019723865877,0.2465483234714004,-0.0004536556391879,-0.0004535527530273,0.0393612160447776,-0.0003874809641516,-0.0001763450173433,143.48,put,0.69,1.09,0.33,0.52,0.46499999999999997,0.5900000000000001,0.5900000000000001,True,15:30,6.0,47.57,old gate
2026-08-24,1531,AXP,bull_put,340.0,337.5,2.5,2026-08-28,4,338.27,1.3,1.2996,0.5198400000000001,1.000307787011388,0.268,0.4398422090729783,0.4516765285996055,0.1084812623274161,0.000311118497229,0.0003111668996083,0.1446045160843259,0.0001744976646718,9.677668713462389e-06,333.2,put,4.5,4.75,3.2,3.45,1.2999999999999998,0.5,0.2,True,15:30,3.0,-114.84,old gate
2026-08-24,1531,CRM,bull_put,212.5,210.0,2.5,2026-08-28,4,210.17,1.375,1.3397,0.5358799999999999,1.0263491826528328,0.9228,0.4280078895463511,0.4635108481262327,0.1084812623274161,0.0004563926426671,0.000456496805635,0.2483017704731223,0.0001690804472012,1.1786140463089974e-06,256.0,put,9.2,9.7,7.9,8.25,1.375,0.8499999999999996,0.33999999999999986,True,15:30,6.0,139.32999999999998,old gate
2026-08-24,1531,FCX,bull_put,78.0,77.0,1.0,2026-08-28,4,77.54,0.57,0.517,0.517,1.102514506769826,0.6108,0.4911242603550296,0.408284023668639,0.1005917159763313,0.0071582361345218,0.0071839175481041,0.1812141779087477,0.0034798463556695,9.280122711708934e-05,76.45,put,2.07,2.33,1.54,1.72,0.5700000000000003,0.44000000000000017,0.44000000000000017,True,15:30,2.0,-46.230000000000004,old gate
2026-08-24,1531,PYPL,bull_put,62.0,61.0,1.0,2026-08-28,4,61.665,0.535,0.5069,0.5069,1.0554349970408363,0.4064,0.4280078895463511,0.3727810650887574,0.1992110453648915,0.0027443226956005,0.0027480917962168,0.0835282627925657,0.0019675590771586,0.0003701779183619,53.66,put,1.12,1.33,0.66,0.72,0.5350000000000001,0.2699999999999999,0.2699999999999999,True,15:30,1.0,-47.28,old gate
2026-08-24,1531,SCHW,bull_put,114.0,113.0,1.0,2026-08-28,4,113.61,0.475,0.4692,0.4692,1.0123614663256606,0.2285,0.4635108481262327,0.3964497041420118,0.1400394477317554,1.3460802360353366e-05,1.3460892957395387e-05,0.0933191255789382,9.2674861471127e-06,1.4335152573092376e-06,110.16,put,1.25,1.38,0.79,0.89,0.47499999999999987,0.22999999999999987,0.22999999999999987,True,15:30,5.0,-51.2,old gate
2026-08-24,1531,TSLA,bull_put,355.0,352.5,2.5,2026-08-28,4,351.56,1.425,1.422,0.5688,1.0021097046413503,0.4578,0.4240631163708087,0.5226824457593688,0.0532544378698224,0.0005377652067456,0.0005379098283775,0.2317419453972223,0.0002128788361051,2.0665576486428865e-06,348.75,put,8.5,8.6,7.05,7.2,1.4250000000000007,0.25,0.1,True,15:30,4.0,-102.10999999999999,old gate
2026-08-25,1531,AXP,bull_put,337.5,335.0,2.5,2026-08-28,3,336.6,1.205,1.2032,0.48128,1.001496010638298,0.2687,0.4950690335305719,0.4043392504930966,0.1005917159763313,0.0015847139843974,0.0015859703071534,0.120758415356668,0.0009783994465923,8.742223991959281e-05,333.2,put,3.25,3.9,2.08,2.66,1.205,1.23,0.492,True,15:30,2.0,-124.86999999999999,old gate
2026-08-25,1531,EOG,bull_put,148.0,147.0,1.0,2026-08-28,3,147.635,0.5,0.4929,0.4929,1.0144045445323595,0.353,0.4753451676528599,0.4319526627218935,0.0927021696252465,0.0004699810123527,0.0004700914707325,0.1746863407620388,0.0002337335827084,7.102558818269451e-06,143.35,put,1.8,2.1,1.3,1.6,0.5,0.6000000000000001,0.6000000000000001,True,15:30,6.0,-48.74000000000001,old gate
2026-08-25,1531,FCX,bull_put,80.0,79.0,1.0,2026-08-28,3,79.43,0.545,0.5178,0.5178,1.052529934337582,0.5769,0.4437869822485207,0.4477317554240631,0.1084812623274161,0.0004335299918761,0.0004336239795847,0.1569612366523682,0.0002314428108071,1.0025261648067377e-05,76.45,put,1.89,2.08,1.33,1.55,0.5449999999999999,0.41000000000000014,0.41000000000000014,True,15:30,4.0,-46.150000000000006,old gate
2026-08-25,1531,IBM,bull_put,235.0,232.5,2.5,2026-08-28,3,233.8451,1.345,1.2596,0.5038400000000001,1.0677993013655127,0.3693,0.4753451676528599,0.3806706114398422,0.1439842209072978,0.0059985459558642,0.0060165732605026,0.1126856543108012,0.0038334886151354,0.0004025492489217,235.59,put,3.65,3.95,2.41,2.5,1.3449999999999998,0.3900000000000001,0.15600000000000006,True,15:30,1.0,131.0,old gate
2026-08-25,1531,QCOM,bull_put,160.0,157.5,2.5,2026-08-28,3,159.69,1.17,1.1475,0.4589999999999999,1.0196078431372548,0.4852,0.4674556213017751,0.3727810650887574,0.1597633136094674,9.64651965699526e-05,9.646984948674664e-05,0.1002301716784725,6.460616452113105e-05,8.70333598477903e-06,164.19,put,2.83,3.1,1.72,1.87,1.17,0.42000000000000015,0.16800000000000007,True,15:30,5.0,119.34,old gate
2026-08-25,1531,SBUX,bull_put,106.0,105.0,1.0,2026-08-28,3,105.615,0.51,0.4933,0.4933,1.0338536387593755,0.3007,0.4477317554240631,0.4161735700197239,0.136094674556213,0.0001909261723214,0.000190944399883,0.0997001144936128,0.0001281474850547,1.744720628819345e-05,107.85,put,1.28,1.43,0.79,0.9,0.51,0.2599999999999999,0.2599999999999999,True,15:30,3.0,51.300000000000004,old gate
2026-08-26,1531,ADI,bull_put,372.5,370.0,2.5,2026-08-28,2,371.74,1.325,1.2296,0.49184,1.0775862068965516,0.4484,0.4398422090729783,0.4437869822485207,0.1163708086785009,-0.0002422037476961,-0.0002421744187363,0.1811709351716277,-0.0001173281212105,-3.1316366554624456e-06,361.78,put,3.9,5.7,2.85,4.1,1.3250000000000002,3.05,1.22,False,15:30,6.0,-122.12,old gate
2026-08-26,1531,ADP,bull_put,282.5,280.0,2.5,2026-08-28,2,282.08,1.425,1.1677,0.46708,1.2203476920441896,0.3635,0.4635108481262327,0.3491124260355029,0.1873767258382643,0.001464236058596,0.0014653085756226,0.1112170492459092,0.0009391290790257,0.0001015561603284,287.48,put,2.4,3.6,0.45,2.7,1.4249999999999998,3.45,1.3800000000000001,False,15:30,1.0,121.44,old gate
2026-08-26,1531,AXP,bull_put,337.5,335.0,2.5,2026-08-28,2,337.22,1.215,1.1254,0.45016,1.0796161364848056,0.2665,0.4832347140039448,0.3609467455621302,0.155818540433925,0.0003070312200303,0.0003070783589396,0.0942241811985526,0.0002106517363203,3.199957454041109e-05,333.2,put,2.41,3.15,1.37,1.76,1.2150000000000003,1.1299999999999997,0.45199999999999985,True,15:30,2.0,-132.95999999999998,old gate
2026-08-26,1531,COST,bull_put,962.5,960.0,2.5,2026-08-28,2,959.24,1.475,1.3778,0.5511199999999999,1.0705472492379156,0.2055,0.4556213017751479,0.5069033530571992,0.0374753451676528,0.0011624272032656,0.0011631030836289,0.2124649013793479,0.0004971974242139,7.097120592609757e-06,945.47,put,6.6,8.9,5.4,7.15,1.4749999999999996,4.050000000000001,1.6200000000000003,False,15:30,3.0,-106.71,old gate
2026-08-26,1531,CRM,bull_put,207.5,205.0,2.5,2026-08-28,2,204.965,1.425,1.3482,0.53928,1.056964842011571,1.1924,0.3530571992110454,0.4832347140039448,0.1637080867850098,-0.0007480803865958,-0.0007478006442244,0.2363769375601818,-0.000290507290916,-2.5704729843869264e-06,256.0,put,8.45,8.8,7.15,7.25,1.4249999999999998,0.45000000000000107,0.18000000000000044,True,15:30,5.0,140.20999999999998,old gate
2026-08-26,1531,TSLA,bull_put,347.5,345.0,2.5,2026-08-28,2,345.88,1.325,1.3188,0.52752,1.0047012435547469,0.4778,0.4477317554240631,0.4753451676528599,0.0769230769230769,0.0002920104768426,0.0002920531160521,0.179034072224662,0.0001427078311103,3.975370521117952e-06,348.75,put,5.55,5.65,4.25,4.3,1.3249999999999993,0.15000000000000036,0.060000000000000143,True,15:30,4.0,137.16,old gate
2026-08-27,1531,ADP,bull_put,285.0,282.5,2.5,2026-08-28,1,284.41,1.35,1.1568,0.46272,1.1670124481327802,0.3557,0.4319526627218935,0.3175542406311637,0.2504930966469428,0.0010710057500378,0.001071579481501,0.0579958727566753,0.0008497188235408,0.0002663970976211,287.48,put,1.9,2.5,0.25,1.45,1.35,1.8,0.72,True,15:30,2.0,120.31,old gate
2026-08-27,1531,AVGO,bull_put,370.0,367.5,2.5,2026-08-28,1,369.1476,1.275,1.2284,0.4913599999999999,1.037935525887333,0.5707,0.4319526627218935,0.4201183431952662,0.1479289940828402,-9.470714603757036e-05,-9.470266145739092e-05,0.1635014514941798,-4.9241477054484354e-05,-1.871438278321181e-06,368.79,put,4.6,5.05,3.35,3.75,1.2749999999999995,0.8500000000000001,0.34,True,15:30,4.0,3.375,old gate
2026-08-27,1531,DE,bull_put,622.5,620.0,2.5,2026-08-28,1,620.325,1.775,1.3815,0.5526,1.2848353239232717,0.4013,0.3727810650887574,0.5029585798816568,0.1242603550295858,-0.0004787512665297,-0.0004786366834285,0.1907329035483378,-0.0002231870492405,-4.920214537522901e-06,630.33,put,2.4,7.5,1.05,5.3,1.7750000000000004,9.35,3.7399999999999998,False,15:30,5.0,143.68,old gate
2026-08-27,1531,FCX,bull_put,79.0,78.0,1.0,2026-08-28,1,78.51,0.54,0.5106,0.5106,1.0575793184488835,0.5518,0.4240631163708087,0.3846153846153846,0.1913214990138067,0.0019807060541356,0.0019826689481301,0.0627829055147652,0.0015423577753735,0.0004393996824505,76.45,put,1.02,1.4,0.43,0.91,0.5399999999999999,0.8599999999999999,0.8599999999999999,True,15:30,1.0,-46.9,old gate
2026-08-27,1531,GE,bull_put,342.5,340.0,2.5,2026-08-28,1,341.86,1.165,1.1534,0.46136,1.0100572221258888,0.3528,0.4635108481262327,0.368836291913215,0.1676528599605522,0.0001833238129488,0.000183340617786,0.0847933746618205,0.0001306043107406,2.395805828879529e-05,342.58,put,1.86,3.8,1.33,2.0,1.165,2.6099999999999994,1.0439999999999998,False,15:30,3.0,119.95,old gate
2026-08-27,1531,GILD,bull_put,149.0,148.0,1.0,2026-08-28,1,148.47,0.775,0.5087,0.5087,1.5234912522115194,0.3841,0.368836291913215,0.4319526627218935,0.1992110453648915,-0.000541914258726,-0.0005417674497146,0.1059215773397399,-0.0003546567926031,-4.263685387203035e-05,145.68,put,0.92,2.13,0.45,1.05,0.7749999999999999,1.81,1.81,False,15:30,6.0,-47.099999999999994,old gate
2026-08-31,1531,ACN,bull_put,192.5,190.0,2.5,2026-09-04,4,191.225,1.275,1.2648,0.5059199999999999,1.0080645161290325,0.4282,0.4240631163708087,0.4201183431952662,0.155818540433925,0.00011510028045,0.0001151069047413,0.1275753802496388,6.910034904027167e-05,5.38734226477966e-06,186.72,put,3.7,4.3,2.6,2.85,1.275,0.8499999999999996,0.33999999999999986,True,15:30,3.0,-118.46000000000001,old gate
2026-08-31,1531,AXP,bull_put,332.5,330.0,2.5,2026-09-04,4,331.12,1.315,1.2566,0.50264,1.04647461403788,0.2447,0.4477317554240631,0.4358974358974359,0.1163708086785009,0.0001540530881525,0.0001540649549389,0.1266502383215846,9.28303232445572e-05,7.372586386889218e-06,326.16,put,3.75,4.25,2.57,2.8,1.3150000000000004,0.73,0.292,True,15:30,1.0,-119.31,old gate
2026-08-31,1531,BLK,bull_put,1160.0,1157.5,2.5,2026-09-04,4,1154.415,1.9,1.3714,0.5485599999999999,1.3854455301152109,0.2572,0.4832347140039448,0.4792899408284023,0.0374753451676528,0.0049533634162667,0.0049656516017384,0.2945152813776829,0.0015288004409858,4.228862540002733e-06,1122.29,put,13.1,17.9,10.5,16.7,1.9000000000000004,10.999999999999998,4.3999999999999995,False,15:30,4.0,-107.37,old gate
2026-08-31,1531,CRM,bull_put,262.5,260.0,2.5,2026-09-04,4,260.105,1.4,1.3705,0.5482,1.021524990879241,0.4302,0.4280078895463511,0.4871794871794871,0.0848126232741617,0.0004645810437811,0.0004646889782684,0.1795235729604174,0.0002266198685752,6.251382046912686e-06,259.23,put,5.8,6.15,4.45,4.7,1.3999999999999995,0.6000000000000005,0.2400000000000002,True,15:30,2.0,-107.47,old gate
2026-08-31,1531,ORCL,bull_put,152.5,150.0,2.5,2026-09-04,4,150.15,1.45,1.4423,0.57692,1.0053386951397074,0.5669,0.3925049309664694,0.5187376725838264,0.0887573964497041,0.0001092400301244,0.0001092459970337,0.1432044778797487,6.160754096822225e-05,3.5137882316656395e-06,158.78,put,4.85,5.1,3.45,3.6,1.4499999999999993,0.3999999999999999,0.15999999999999998,True,15:30,5.0,150.0,old gate
2026-08-31,1531,SBUX,bull_put,107.0,106.0,1.0,2026-09-04,4,106.25,0.545,0.5377,0.5377,1.0135763436860703,0.2802,0.408284023668639,0.4674556213017751,0.1242603550295858,2.3251545953283624e-05,2.3251816272606973e-05,0.1166585068026351,1.4581436119703788e-05,1.4142213330608535e-06,104.47,put,1.55,1.69,1.03,1.12,0.5449999999999999,0.22999999999999998,0.22999999999999998,True,15:30,6.0,-44.08,old gate
2026-09-01,1531,AMGN,bull_put,437.5,435.0,2.5,2026-09-04,3,436.55,1.4,1.2338,0.49352,1.1347057869995136,0.3658,0.4477317554240631,0.4753451676528599,0.0769230769230769,-0.0004455891146432,-0.0004454898545572,0.2029690826859378,-0.0001978082530922,-3.4141087876719845e-06,437.23,put,5.75,6.3,4.15,5.1,1.4000000000000004,1.4999999999999991,0.5999999999999996,True,15:30,6.0,50.660000000000004,old gate
2026-09-01,1531,DE,bull_put,677.5,675.0,2.5,2026-09-04,3,673.52,1.65,1.3809,0.55236,1.1948729089724093,0.3696,0.3806706114398422,0.5857988165680473,0.0335305719921104,-0.0012189798670235,-0.0012182372128561,0.2627176913455549,-0.0004259361361817,-2.2253975928131153e-06,693.53,put,8.4,14.2,8.2,11.1,1.6500000000000021,8.7,3.4799999999999995,False,15:30,5.0,143.60999999999999,old gate
2026-09-01,1531,GE,bull_put,332.5,330.0,2.5,2026-09-04,3,330.735,1.325,1.3216,0.52864,1.0025726392251817,0.3296,0.4319526627218935,0.4871794871794871,0.0808678500986193,-7.8843185805446e-05,-7.884007776315372e-05,0.150884799374378,-4.311548749214417e-05,-2.1089417547453584e-06,337.12,put,4.35,5.0,3.1,3.6,1.3249999999999997,1.1500000000000004,0.46000000000000013,True,15:30,4.0,137.45000000000002,old gate
2026-09-01,1531,ORCL,bull_put,142.0,141.0,1.0,2026-09-04,3,141.07,0.57,0.5418,0.5418,1.052048726467331,0.5721,0.408284023668639,0.5266272189349113,0.0650887573964497,-0.0004933334291806,-0.000493211760253,0.234107024552824,-0.0001933516433923,-1.790276409297866e-06,158.78,put,3.25,3.45,2.72,2.84,0.5699999999999998,0.31999999999999984,0.31999999999999984,True,15:30,3.0,56.35,old gate
2026-09-01,1531,SBUX,bull_put,106.0,105.0,1.0,2026-09-04,3,105.685,0.535,0.4765,0.4765,1.1227701993704091,0.3035,0.4595660749506903,0.4003944773175542,0.1400394477317554,8.640581595386557e-05,8.640954904381992e-05,0.0995171537001505,5.803403079006619e-05,7.9302653945243e-06,104.47,put,1.15,1.46,0.65,0.89,0.5349999999999999,0.55,0.55,True,15:30,1.0,-50.44,old gate
2026-09-01,1531,TSLA,bull_put,357.5,355.0,2.5,2026-09-04,3,356.03,1.3,1.2937,0.51748,1.004869753420422,0.4685,0.4358974358974359,0.4871794871794871,0.0769230769230769,-0.0002464122265006,-0.0002463818695014,0.2081182989927511,-0.0001071692597458,-1.6686976494483105e-06,354.08,put,6.7,6.8,5.4,5.5,1.2999999999999998,0.1999999999999993,0.07999999999999971,True,15:30,2.0,-115.46000000000001,old gate
2026-09-02,1530,CME,bull_put,280.0,277.5,2.5,2026-09-04,2,278.83,1.175,1.1748,0.46992,1.0001702417432754,0.3265,0.4516765285996055,0.3727810650887574,0.1755424063116371,0.0002140730976188,0.0002140960128995,0.0920068737529442,0.0001481754549169,2.352960940533656e-05,281.29,put,2.8,3.5,1.7,2.25,1.1749999999999998,1.2500000000000002,0.5000000000000001,True,15:30,1.0,122.18,old gate
2026-09-02,1530,DE,bull_put,697.5,695.0,2.5,2026-09-04,2,693.31,1.4,1.367,0.5468,1.024140453547915,0.3982,0.368836291913215,0.5739644970414202,0.0571992110453648,-0.0013450426113797,-0.0013441384469918,0.2542243441695754,-0.0004861956671858,-3.0105544572473377e-06,693.53,put,8.6,13.0,7.4,11.4,1.4000000000000004,8.4,3.3600000000000003,False,15:30,5.0,-107.83,old gate
2026-09-02,1530,EOG,bull_put,150.0,149.0,1.0,2026-09-04,2,148.95,0.6,0.5623,0.5623,1.0670460608216257,0.3544,0.3964497041420118,0.4871794871794871,0.1163708086785009,0.0002152813941959,0.0002153045688981,0.1575189411725468,0.0001146607605483,4.911596477294681e-06,145.19,put,1.9,2.25,1.25,1.7,0.6000000000000001,0.8,0.8,True,15:30,2.0,-41.52,old gate
2026-09-02,1530,ORCL,bull_put,147.0,146.0,1.0,2026-09-04,2,146.19,0.57,0.5472,0.5472,1.0416666666666663,0.5902,0.4003944773175542,0.5660749506903353,0.0335305719921104,-0.0008795578032923,-0.0008791711057102,0.2170112454450538,-0.0003690508931966,-4.8100604305913355e-06,158.78,put,2.9,3.1,2.39,2.47,0.5699999999999998,0.28000000000000025,0.28000000000000025,True,15:30,6.0,56.910000000000004,old gate
2026-09-02,1530,TJX,bull_put,132.0,131.0,1.0,2026-09-04,2,131.44,0.525,0.5185,0.5185,1.012536162005786,0.2475,0.3925049309664694,0.4161735700197239,0.1913214990138067,2.138330074342564e-05,2.1383529367868803e-05,0.0718810452193869,1.6040179435155298e-05,3.8094159549286344e-06,132.08,put,1.15,1.3,0.65,0.75,0.5250000000000001,0.2500000000000001,0.2500000000000001,True,15:30,4.0,53.92,old gate
2026-09-02,1530,TSLA,bull_put,355.0,352.5,2.5,2026-09-04,2,352.895,1.375,1.3639,0.5455599999999999,1.008138426570863,0.568,0.4358974358974359,0.4871794871794871,0.0769230769230769,0.0005875010772111,0.0005876736897707,0.2082619100788543,0.000255474909734,3.966507571402596e-06,354.08,put,6.95,7.05,5.6,5.65,1.375,0.15000000000000036,0.060000000000000143,True,15:30,3.0,24.925,old gate
2026-09-03,1530,GS,bull_put,1040.0,1037.5,2.5,2026-09-04,1,1037.52,1.425,1.3001,0.5200400000000001,1.0960695331128374,0.3404,0.4516765285996055,0.4832347140039448,0.0650887573964497,1.09522926953088e-05,1.09523526719002e-05,0.2353457221389172,4.272381501729429e-06,3.8590735577336296e-08,1038.61,put,7.65,10.9,6.35,9.35,1.4250000000000007,6.25,2.5,False,15:30,2.0,-3.7900000000000005,old gate
2026-09-03,1530,ISRG,bull_put,372.5,370.0,2.5,2026-09-04,1,370.875,2.0,1.3115,0.5246000000000001,1.5249714067861226,0.4646,0.3727810650887574,0.4595660749506903,0.1676528599605522,-0.0005277159936472,-0.0005275767760525,0.1361060818685849,-0.0003060872139657,-2.0120685936710745e-05,366.7,put,3.5,7.4,2.0,4.9,2.0,6.800000000000001,2.72,False,15:30,4.0,-113.6,old gate
2026-09-03,1530,MDT,bull_put,93.0,92.0,1.0,2026-09-04,1,92.65,0.66,0.4705,0.4705,1.4027630180658874,0.3442,0.3491124260355029,0.2702169625246548,0.3806706114398422,0.0003220884906314,0.0003221403666986,0.025367400795508,0.0002910566054788,0.0001752423289453,94.17,put,0.7,1.31,0.27,0.42,0.6599999999999999,0.76,0.76,True,15:30,1.0,48.93,old gate
2026-09-03,1530,NOW,bull_put,147.0,146.0,1.0,2026-09-04,1,146.24,0.53,0.5284,0.5284,1.0030280090840271,0.6131,0.4122287968441814,0.4753451676528599,0.1124260355029585,-0.0001842816026667,-0.0001842646238551,0.1763797299188126,-9.099949689533858e-05,-2.6731548843776724e-06,141.26,put,2.26,2.38,1.73,1.85,0.5299999999999998,0.2400000000000002,0.2400000000000002,True,15:30,3.0,-45.050000000000004,old gate
2026-09-03,1545,AMGN,bull_put,445.0,442.5,2.5,2026-09-04,1,443.68,2.14,1.2608,0.50432,1.697335025380711,0.4191,0.3530571992110454,0.4477317554240631,0.1992110453648915,-0.0009258931464505,-0.0009254646396519,0.1466608699734052,-0.0005147351232868,-2.7397041830383665e-05,437.23,put,3.1,6.5,1.82,3.5,2.1399999999999997,5.08,2.032,False,15:45,3.0,-118.88000000000001,old gate
2026-09-03,1545,FCX,bull_put,73.0,72.0,1.0,2026-09-04,1,72.585,0.495,0.4896,0.4896,1.0110294117647058,0.5453,0.4280078895463511,0.3530571992110454,0.2189349112426035,0.0018819879252581,0.0018837599760186,0.050606431637965,0.001538555578458,0.0005591795870703,72.73,put,0.89,1.22,0.45,0.67,0.4949999999999999,0.55,0.55,True,15:45,1.0,11.959999999999999,old gate
2026-09-04,1530,GS,bull_put,1037.5,1035.0,2.5,2026-09-04,0,1037.005,1.365,1.1431,0.45724,1.1941212492345377,0.4372,0.4950690335305719,0.4240631163708087,0.0808678500986193,-0.0001725463549541,-0.0001725314696879,0.2660302520832871,-5.952870567161225e-05,-2.910831257242722e-07,1038.61,put,1.31,3.1,0.48,1.2,1.3650000000000002,2.51,1.004,False,15:30,1.0,118.88000000000001,old gate
2026-09-08,1530,ACN,bull_put,180.0,177.5,2.5,2026-09-11,3,178.93,1.4,1.2875,0.515,1.087378640776699,0.4805,0.4556213017751479,0.3806706114398422,0.1637080867850098,0.0059888465968314,0.006006815591887,0.1109126163764679,0.0038545115407896,0.0004193673400797,183.9,put,3.6,4.1,2.2,2.7,1.3999999999999995,0.9999999999999996,0.3999999999999998,True,15:30,1.0,133.9,old gate
2026-09-08,1530,AMGN,bull_put,397.5,395.0,2.5,2026-09-11,3,394.255,1.7,1.4558,0.58232,1.1677428218161836,0.4122,0.3806706114398422,0.5424063116370809,0.0769230769230769,-0.0001807978672466,-0.0001807815242971,0.2153432281257629,-7.63949306797153e-05,-1.029477898530095e-06,377.35,put,6.55,8.6,5.3,6.45,1.6999999999999993,3.2,1.28,False,15:30,4.0,-98.6,old gate
2026-09-08,1530,CAT,bull_put,830.0,827.5,2.5,2026-09-11,3,825.0,1.625,1.3847,0.55388,1.1735393948147612,0.4102,0.408284023668639,0.5660749506903353,0.0256410256410256,-0.0006514050049283,-0.0006511928867488,0.292308133591892,-0.000202263915486,-5.847392165164588e-07,818.57,put,12.6,15.65,10.6,14.4,1.625,6.850000000000001,2.7400000000000007,False,15:30,3.0,-105.99000000000001,old gate
2026-09-08,1530,SCHW,bull_put,108.0,107.0,1.0,2026-09-11,3,107.61,0.475,0.472,0.472,1.00635593220339,0.2729,0.4437869822485207,0.3412228796844181,0.2149901380670611,0.0013913258295621,0.0013922941723856,0.0896209861909131,0.0009728444514854,0.0001620337230788,107.25,put,1.14,1.31,0.69,0.81,0.4750000000000001,0.29000000000000026,0.29000000000000026,True,15:30,2.0,-25.91,old gate
2026-09-08,1530,TMO,bull_put,610.0,607.5,2.5,2026-09-11,3,606.25,1.65,1.4044,0.56176,1.1748789518655651,0.3297,0.3846153846153846,0.5424063116370809,0.0729783037475345,-0.0005524868491476,-0.0005523342563915,0.2402475034638426,-0.0002112755881204,-1.7301590086883252e-06,609.82,put,6.0,11.4,4.1,10.0,1.6499999999999995,11.3,4.5200000000000005,False,15:30,5.0,64.03,old gate
2026-09-08,1530,TSLA,bull_put,370.0,367.5,2.5,2026-09-11,3,368.36,1.325,1.3118,0.5247200000000001,1.0100625095288915,0.477,0.4280078895463511,0.5029585798816568,0.0690335305719921,-0.0003554913858027,-0.0003554282062269,0.2164073395035257,-0.0001495594420201,-1.9729840230688123e-06,365.44,put,7.25,7.35,5.95,6.0,1.3250000000000002,0.14999999999999947,0.05999999999999979,True,15:30,6.0,-113.57,old gate
2026-09-09,1530,ACN,bull_put,177.5,175.0,2.5,2026-09-11,2,177.015,1.3,1.174,0.4695999999999999,1.1073253833049406,0.4709,0.4516765285996055,0.3214990138067061,0.2268244575936883,0.0031468184495112,0.0031517748803207,0.0791288894587924,0.0022966469017172,0.0004718342129797,183.9,put,2.5,3.1,1.35,1.65,1.2999999999999998,0.8999999999999999,0.36,True,15:30,1.0,122.10000000000001,old gate
2026-09-09,1530,CAT,bull_put,822.5,820.0,2.5,2026-09-11,2,817.75,1.9,1.3839,0.5535599999999999,1.372931570200159,0.4068,0.3964497041420118,0.5384615384615384,0.0650887573964497,-0.0005261969376176,-0.0005260585202883,0.2735893259385321,-0.0001761005534116,-7.402766134474109e-07,818.57,put,10.5,14.45,9.2,11.95,1.9000000000000004,6.699999999999999,2.6799999999999997,False,15:30,4.0,-106.07,old gate
2026-09-09,1530,DE,bull_put,677.5,675.0,2.5,2026-09-11,2,675.71,1.6,1.2976,0.5190400000000001,1.2330456226880395,0.3506,0.4122287968441814,0.5226824457593688,0.0650887573964497,-0.0008282972276766,-0.0008279542842208,0.2275460993792847,-0.0003332102069911,-3.5178554453568167e-06,675.74,put,5.9,11.1,5.5,8.3,1.5999999999999996,8.0,3.2,False,15:30,5.0,-41.05,old gate
2026-09-09,1530,FCX,bull_put,77.0,76.0,1.0,2026-09-11,2,76.555,0.525,0.5019,0.5019,1.0460251046025104,0.5774,0.4477317554240631,0.4319526627218935,0.1203155818540434,0.0002078363243692,0.0002078579238344,0.119711449589026,0.0001287675691261,1.1749139427390828e-05,71.07,put,1.42,1.68,0.92,1.13,0.5249999999999999,0.46999999999999986,0.46999999999999986,True,15:30,3.0,-47.8,old gate
2026-09-09,1530,GE,bull_put,327.5,325.0,2.5,2026-09-11,2,326.15,1.435,1.2286,0.49144,1.1679960931141138,0.4008,0.4556213017751479,0.4477317554240631,0.0966469428007889,-0.0001344262425779,-0.0001344172077754,0.1298079378886256,-7.997520925858043e-05,-5.962905990877338e-06,323.66,put,3.65,5.05,2.43,3.4,1.4349999999999996,2.3699999999999997,0.9479999999999998,True,15:30,6.0,-122.22999999999999,old gate
2026-09-09,1530,PYPL,bull_put,53.0,52.0,1.0,2026-09-11,2,52.47,0.655,0.5421,0.5421,1.2082641579044455,0.6503,0.3293885601577909,0.3609467455621302,0.3096646942800789,0.0005139060111528,0.0005140380834702,0.0800363821451881,0.0003732139420835,7.529578699059981e-05,53.72,put,1.22,1.56,0.63,0.84,0.6550000000000001,0.55,0.55,True,15:30,2.0,56.379999999999995,old gate
2026-09-10,1530,ADI,bull_put,362.5,360.0,2.5,2026-09-11,1,361.537095,1.275,1.222,0.4888,1.0433715220949262,0.4715,0.4240631163708087,0.408284023668639,0.1676528599605522,-0.0001045768242732,-0.0001045713563078,0.1335234022899883,-6.129976839421205e-05,-4.243158914698636e-06,378.78,put,3.0,4.7,1.65,3.5,1.275,3.5500000000000003,1.4200000000000002,False,15:30,5.0,127.08999999999999,old gate
2026-09-10,1530,EMR,bull_put,148.0,147.0,1.0,2026-09-11,1,147.36,0.55,0.5225,0.5225,1.0526315789473686,0.3964,0.4122287968441814,0.4043392504930966,0.1834319526627219,0.001220997255447,0.0012217429760725,0.1108067278076365,0.0007843119807552,8.551333422916486e-05,152.19,put,0.9,1.85,0.3,1.35,0.5499999999999999,2.0,2.0,False,15:30,2.0,54.339999999999996,old gate
2026-09-10,1530,EOG,bull_put,148.0,147.0,1.0,2026-09-11,1,147.58,0.55,0.5055,0.5055,1.0880316518298716,0.4194,0.4516765285996055,0.4201183431952662,0.1282051282051282,0.0009712145095163,0.0009716862910493,0.119312898580951,0.0006029181274941,5.545231379897954e-05,147.36,put,1.0,1.85,0.6,1.15,0.55,1.4,1.4,False,15:30,3.0,-11.43,old gate
2026-09-10,1530,MDT,bull_put,92.0,91.0,1.0,2026-09-11,1,91.62,0.58,0.481,0.481,1.205821205821206,0.3455,0.3451676528599605,0.2781065088757396,0.3767258382642998,0.000680628245609,0.0006808599255732,0.0222660877255551,0.0006228416074258,0.0003990036202908,90.96,put,0.51,1.23,0.18,0.4,0.58,0.94,0.94,True,15:30,1.0,-49.980000000000004,old gate
2026-09-10,1530,NOW,bull_put,132.0,131.0,1.0,2026-09-11,1,131.055,0.545,0.5448,0.5448,1.000367107195301,0.7331,0.368836291913215,0.4911242603550296,0.1400394477317554,-0.0005478036737882,-0.0005476536567502,0.1886835577653741,-0.0002574714506905,-5.913498905032625e-06,132.53,put,2.48,2.59,1.96,2.02,0.5450000000000002,0.16999999999999993,0.16999999999999993,True,15:30,6.0,56.66,old gate
2026-09-10,1530,TSLA,bull_put,365.0,362.5,2.5,2026-09-11,1,363.9257,1.275,1.2508,0.50032,1.0193476175247842,0.4975,0.4516765285996055,0.4358974358974359,0.1124260355029585,0.0001505463867319,0.0001505577194078,0.1419851046697438,8.531976247311252e-05,4.9863491875398995e-06,365.44,put,4.25,4.35,2.95,3.1,1.2749999999999995,0.24999999999999956,0.09999999999999983,True,15:30,4.0,130.07999999999998,old gate
2026-09-14,1530,COST,bull_put,922.5,920.0,2.5,2026-09-18,4,918.99,1.375,1.3672,0.54688,1.0057050906963136,0.2092,0.4398422090729783,0.514792899408284,0.0453648915187376,0.0001118523368167,0.0001118585925226,0.2489120294948698,4.1329948764082526e-05,2.846049498840086e-07,895.31,put,9.2,10.05,7.85,8.65,1.375,1.6500000000000021,0.6600000000000008,True,15:30,4.0,-107.81,old gate
2026-09-14,1530,CVX,bull_put,212.5,210.0,2.5,2026-09-18,4,211.61,1.26,1.1846,0.47384,1.0636501772750295,0.3053,0.4595660749506903,0.368836291913215,0.1715976331360946,0.0008954882955544,0.0008958893649069,0.0965687745845005,0.0006088316729128,8.824935073330588e-05,209.51,put,3.15,3.55,2.01,2.17,1.2599999999999998,0.56,0.22400000000000003,True,15:30,1.0,-126.8,old gate
2026-09-14,1530,EMR,bull_put,149.0,148.0,1.0,2026-09-18,4,148.46,0.525,0.4992,0.4992,1.0516826923076923,0.375,0.4635108481262327,0.4516765285996055,0.0848126232741617,5.7226061189783774e-05,5.722769863214516e-05,0.2044407477827673,2.5261336666896012e-05,4.2335681391824505e-07,149.92,put,2.25,3.2,1.7,2.7,0.5249999999999999,1.9500000000000004,1.9500000000000004,False,15:30,3.0,51.92,old gate
2026-09-14,1530,FCX,bull_put,70.0,69.0,1.0,2026-09-18,4,69.38,0.585,0.5231,0.5231,1.1183330147199388,0.5102,0.4556213017751479,0.4358974358974359,0.1084812623274161,0.0020825574028184,0.0020847274316282,0.1407966219624409,0.0011870267255962,7.104222867831496e-05,71.54,put,1.73,2.16,1.2,1.52,0.5850000000000002,0.7500000000000002,0.7500000000000002,True,15:30,2.0,54.400000000000006,old gate
2026-09-14,1530,GE,bull_put,320.0,317.5,2.5,2026-09-18,4,317.68,1.325,1.3228,0.52912,1.0016631387964925,0.3497,0.4280078895463511,0.4832347140039448,0.0887573964497041,-7.4038702831309e-05,-7.403596203414686e-05,0.1785636464675464,-3.6244815947223355e-05,-1.0192055317585466e-06,314.27,put,5.55,6.55,4.15,5.3,1.3250000000000002,2.1499999999999995,0.8599999999999998,True,15:30,5.0,-112.43,old gate
2026-09-14,1530,MA,bull_put,575.0,572.5,2.5,2026-09-18,4,572.4,1.4,1.2911,0.51644,1.0843466811246223,0.2511,0.4319526627218935,0.514792899408284,0.0532544378698224,-0.0005850662521153,-0.0005848951342291,0.2123319514560094,-0.0002501610142661,-3.580368537288616e-06,565.24,put,6.4,7.3,4.8,6.1,1.4000000000000004,2.1999999999999993,0.8799999999999997,True,15:30,6.0,-115.73,old gate
2026-09-15,1530,AVGO,bull_put,342.5,340.0,2.5,2026-09-18,3,339.78,1.4,1.3996,0.55984,1.0002857959416975,0.4005,0.3925049309664694,0.5581854043392505,0.04930966469428,-0.0006491578775483,-0.0006489472201591,0.1889196243794959,-0.0003048052021258,-6.967666685809016e-06,357.61,put,6.05,6.4,4.7,4.95,1.3999999999999995,0.6000000000000005,0.2400000000000002,True,15:30,6.0,145.56,old gate
2026-09-15,1530,AXP,bull_put,325.0,322.5,2.5,2026-09-18,3,324.43,1.185,1.1611,0.46444,1.0205839290328138,0.2849,0.4950690335305719,0.408284023668639,0.0966469428007889,0.0001367201159701,0.0001367294625911,0.1260136260249778,8.259504937263627e-05,6.643754385986665e-06,311.56,put,3.5,3.8,2.31,2.62,1.185,0.6099999999999999,0.24399999999999994,True,15:30,1.0,-129.25,old gate
2026-09-15,1530,CL,bull_put,87.5,87.0,0.5,2026-09-18,3,87.0,0.325,0.2746,0.5492,1.18353969410051,0.2689,0.4003944773175542,0.4950690335305719,0.1045364891518737,-0.0001271639479266,-0.0001271558629345,0.1668168629943305,-6.524478692919177e-05,-2.320560820220079e-06,87.47,put,0.95,1.2,0.65,0.85,0.32499999999999996,0.44999999999999996,0.8999999999999999,True,15:30,5.0,12.78,old gate
2026-09-15,1530,DE,bull_put,685.0,682.5,2.5,2026-09-18,3,681.3,1.45,1.3744,0.54976,1.0550058207217694,0.3839,0.388560157790927,0.5818540433925049,0.029585798816568,-0.0011320948681769,-0.001131454290536,0.2661205770755523,-0.0003902457850618,-1.9047775254458365e-06,683.99,put,6.5,12.4,5.6,10.4,1.4499999999999993,10.700000000000001,4.28,False,15:30,4.0,20.97,old gate
2026-09-15,1530,ORCL,bull_put,141.0,140.0,1.0,2026-09-18,3,140.175,0.55,0.5405,0.5405,1.0175763182238668,0.5806,0.4280078895463511,0.5029585798816568,0.0690335305719921,-4.971767748835048e-05,-4.9716441585134774e-05,0.2351846391429795,-1.9406288022537437e-05,-1.7585497233944338e-07,147.61,put,3.3,3.45,2.79,2.86,0.5499999999999998,0.2200000000000002,0.2200000000000002,True,15:30,2.0,56.21000000000001,old gate
2026-09-15,1530,TSLA,bull_put,357.5,355.0,2.5,2026-09-18,3,355.91,1.3,1.299,0.5196,1.0007698229407238,0.4829,0.4319526627218935,0.4911242603550296,0.0769230769230769,-0.0002890549106142,-0.0002890131382684,0.2128742158615194,-0.0001233437638029,-1.7462855120140051e-06,364.27,put,6.95,7.05,5.65,5.75,1.2999999999999998,0.1999999999999993,0.07999999999999971,True,15:30,3.0,135.1,old gate
2026-09-16,1530,DE,bull_put,670.0,667.5,2.5,2026-09-18,2,666.6349,1.45,1.3952,0.55808,1.0392775229357798,0.4027,0.3767258382642998,0.5581854043392505,0.0650887573964497,-0.0008822467514427,-0.000881857686203,0.247459317281407,-0.0003277310886191,-2.3233429487437193e-06,683.99,put,6.8,11.0,5.5,9.4,1.4500000000000002,8.100000000000001,3.2400000000000007,False,15:30,6.0,145.1,old gate
2026-09-16,1530,FCX,bull_put,69.0,68.0,1.0,2026-09-18,2,68.16,0.59,0.5633,0.5633,1.047399254393751,0.6237,0.3964497041420118,0.4635108481262327,0.1400394477317554,0.0010290454326089,0.0010295750815221,0.1218327225778057,0.0006324306457377,5.530791972046838e-05,71.54,put,1.53,1.92,0.99,1.28,0.5900000000000001,0.6799999999999999,0.6799999999999999,True,15:30,1.0,58.58,old gate
2026-09-16,1530,JPM,bull_put,347.5,345.0,2.5,2026-09-18,2,346.26,1.48,1.2104,0.48416,1.2227362855254462,0.3142,0.4477317554240631,0.4043392504930966,0.1479289940828402,8.06245983733106e-05,8.06278486236156e-05,0.1187548662639766,5.0140278201133074e-05,4.663318484897178e-06,349.67,put,3.65,4.75,2.51,2.93,1.4800000000000004,1.5200000000000005,0.6080000000000002,True,15:30,4.0,125.88,old gate
2026-09-16,1530,MS,bull_put,202.5,200.0,2.5,2026-09-18,2,201.435,1.41,1.2127,0.4850799999999999,1.1626948132266843,0.4291,0.4201183431952662,0.3767258382642998,0.2031558185404339,0.0001154322184603,0.0001154388810151,0.0825625518508434,8.297098876961272e-05,1.5914648537793978e-05,202.58,put,2.83,3.55,1.61,1.95,1.41,1.0599999999999996,0.4239999999999998,True,15:30,3.0,126.12,old gate
2026-09-16,1530,NOW,bull_put,140.0,139.0,1.0,2026-09-18,2,138.955,0.63,0.54,0.54,1.1666666666666663,0.6584,0.408284023668639,0.5226824457593688,0.0690335305719921,-0.0004881487070461,-0.0004880295818504,0.2272603699529474,-0.0001966321142909,-2.0878339556271823e-06,135.47,put,3.1,3.3,2.42,2.72,0.6299999999999999,0.5,0.5,True,15:30,5.0,-43.84,old gate
2026-09-16,1530,SCHW,bull_put,105.0,104.0,1.0,2026-09-18,2,104.51,0.635,0.4798,0.4798,1.323468111713214,0.3408,0.408284023668639,0.3530571992110454,0.2386587771203155,0.0001447927427644,0.0001448032257396,0.0889077397012909,0.000101468133965,1.7143001320944976e-05,105.25,put,1.2,1.7,0.71,0.92,0.635,0.7100000000000001,0.7100000000000001,True,15:30,2.0,49.9,old gate
2026-09-17,1530,ABT,bull_put,103.0,102.0,1.0,2026-09-18,1,102.575,0.8,0.4998,0.4998,1.600640256102441,0.3298,0.3530571992110454,0.3254437869822485,0.3214990138067061,0.0005458948202468,0.0005460438479407,0.0314697500765555,0.00048145861616,0.0002565760926872,102.61,put,0.65,1.6,0.2,0.45,0.8,1.2000000000000002,1.2000000000000002,False,15:30,2.0,6.49,old gate
2026-09-17,1530,EMR,bull_put,148.0,147.0,1.0,2026-09-18,1,147.45,0.55,0.5275,0.5275,1.042654028436019,0.4405,0.4516765285996055,0.4043392504930966,0.1439842209072978,0.0052123991544995,0.0052260073404644,0.1251866495312054,0.0031673680458522,0.0002590246580347,149.92,put,1.0,2.1,0.45,1.55,0.55,2.2,2.2,False,15:30,1.0,54.86,old gate
2026-09-17,1530,EOG,bull_put,146.0,145.0,1.0,2026-09-18,1,145.27,0.625,0.5487,0.5487,1.1390559504282851,0.4107,0.3727810650887574,0.4516765285996055,0.1755424063116371,-3.448180149670955e-05,-3.448120700622059e-05,0.1148590762146903,-2.177969570939177e-05,-2.1897702332740826e-06,144.23,put,1.1,1.75,0.5,1.1,0.625,1.25,1.25,False,15:30,3.0,-42.94,old gate
2026-09-17,1530,ORCL,bull_put,150.0,149.0,1.0,2026-09-18,1,149.455,0.675,0.5228,0.5228,1.2911247130833972,0.5662,0.4398422090729783,0.4990138067061144,0.0611439842209073,-0.0002227371284286,-0.0002227123243561,0.1642120262142834,-0.0001154725464338,-4.326644434586782e-06,147.61,put,2.01,2.38,1.48,1.56,0.6749999999999998,0.4500000000000002,0.4500000000000002,True,15:30,4.0,-45.63,old gate
2026-09-17,1545,ADI,bull_put,365.0,362.5,2.5,2026-09-18,1,362.73,1.7,1.3515,0.5406,1.2578616352201255,0.4748,0.368836291913215,0.4635108481262327,0.1676528599605522,-0.0003434888398568,-0.0003434298543191,0.1420622933728411,-0.0001945586594593,-1.1353066017891843e-05,375.72,put,4.2,5.2,2.3,3.7,1.7000000000000002,2.4000000000000004,0.9600000000000002,True,15:45,4.0,140.56,old gate
2026-09-17,1545,DE,bull_put,687.5,685.0,2.5,2026-09-18,1,685.79,1.4,1.1849,0.47396,1.1815343066925477,0.3622,0.4043392504930966,0.4792899408284023,0.1163708086785009,-0.0012478780689038,-0.0012470997928313,0.1909066746988084,-0.0005811153475941,-1.2766387954435835e-05,683.99,put,4.7,10.0,4.0,7.9,1.3999999999999995,9.2,3.6799999999999997,False,15:45,5.0,-126.77000000000001,old gate
2026-09-21,1530,CSX,bull_put,46.0,45.5,0.5,2026-09-25,4,45.935,0.3,0.2288,0.4576,1.311188811188811,0.2901,0.5187376725838264,0.3136094674556213,0.1676528599605522,0.0088941136783315,0.0089337838304524,0.0998840936839384,0.0059912714495026,0.0008127122061692,46.78,put,0.5,0.75,0.25,0.4,0.3,0.4,0.8,True,15:30,1.0,23.799999999999997,old gate
2026-09-21,1530,CVX,bull_put,205.0,202.5,2.5,2026-09-25,4,203.68,1.275,1.2466,0.4986399999999999,1.0227819669501044,0.3006,0.4003944773175542,0.3925049309664694,0.2071005917159763,1.2125329651869151e-05,1.2125403163976143e-05,0.083291022762703,8.68970156080365e-06,1.6426620722001029e-06,204.45,put,3.1,3.45,1.85,2.15,1.2750000000000004,0.6499999999999999,0.25999999999999995,True,15:30,6.0,37.325,old gate
2026-09-21,1530,FCX,bull_put,73.0,72.0,1.0,2026-09-25,4,71.99,0.84,0.5644,0.5644,1.4883061658398298,0.5146,0.4437869822485207,0.4674556213017751,0.0887573964497041,0.0048637712659392,0.0048756186011915,0.1573345608570318,0.0025984334534159,0.000111717437875,72.31,put,2.0,2.49,1.2,1.61,0.8400000000000001,0.9000000000000004,0.9000000000000004,True,15:30,2.0,-10.299999999999999,old gate
2026-09-21,1530,IBM,bull_put,232.5,230.0,2.5,2026-09-25,4,230.17,1.45,1.4121,0.56484,1.02683945896183,0.3808,0.4043392504930966,0.4595660749506903,0.136094674556213,0.0018899533200962,0.0018917404075322,0.1460188127254025,0.0010548747135986,5.687188061671228e-05,225.51,put,4.65,5.25,3.3,3.7,1.4500000000000002,1.0,0.4,True,15:30,3.0,-103.14000000000001,old gate
2026-09-21,1530,QCOM,bull_put,195.0,192.5,2.5,2026-09-25,4,193.785,1.375,1.3435,0.5374,1.0234462225530332,0.6331,0.4477317554240631,0.4674556213017751,0.0848126232741617,0.0013018963176491,0.0013027441525512,0.1855298636743074,0.0006202413959315,1.5172908120332631e-05,201.97,put,5.5,6.05,4.15,4.65,1.375,1.0499999999999998,0.41999999999999993,True,15:30,4.0,139.72,old gate
2026-09-21,1530,TSLA,bull_put,377.5,375.0,2.5,2026-09-25,4,375.225,1.35,1.3476,0.53904,1.0017809439002672,0.4347,0.4674556213017751,0.4871794871794871,0.0453648915187376,0.0015794593498448,0.0015807073527338,0.2265139192390927,0.0006387876228227,6.88464559357009e-06,372.11,put,7.9,8.0,6.55,6.65,1.3500000000000005,0.20000000000000018,0.08000000000000007,True,15:30,5.0,-109.85000000000001,old gate
2026-09-22,1530,AMGN,bull_put,410.0,407.5,2.5,2026-09-25,3,409.27,1.25,1.244,0.4976,1.004823151125402,0.3145,0.5029585798816568,0.4201183431952662,0.0769230769230769,0.0033038960965228,0.0033093599769384,0.1727617349589925,0.0016581588667282,5.236447745185829e-05,414.61,put,4.45,5.2,3.25,3.9,1.25,1.4,0.5599999999999999,True,15:30,2.0,129.38,old gate
2026-09-22,1530,FCX,bull_put,75.0,74.0,1.0,2026-09-25,3,74.3,0.6,0.5328,0.5328,1.126126126126126,0.5204,0.4240631163708087,0.4595660749506903,0.1163708086785009,0.0002864675249038,0.0002865085606436,0.1334812281235002,0.0001679797612332,1.1637340546669488e-05,72.31,put,1.59,1.82,0.91,1.3,0.6000000000000001,0.62,0.62,True,15:30,4.0,-44.589999999999996,old gate
2026-09-22,1530,MCD,bull_put,252.5,250.0,2.5,2026-09-25,3,251.04,1.3,1.2962,0.51848,1.0029316463508715,0.3623,0.3925049309664694,0.3964497041420118,0.2110453648915187,0.0004032375365583,0.0004033188477428,0.1219238677265579,0.0002476538397563,2.1618611974444673e-05,236.5,put,3.25,4.65,2.44,2.86,1.3000000000000003,1.8200000000000003,0.7280000000000001,True,15:30,3.0,-115.19999999999999,old gate
2026-09-22,1530,NOW,bull_put,139.0,138.0,1.0,2026-09-25,3,137.889,0.575,0.5492,0.5492,1.046977421704297,0.5845,0.3846153846153846,0.5305719921104537,0.0848126232741617,-0.0006750523733182,-0.0006748245767259,0.2367380273177426,-0.0002617790065807,-2.29961131491413e-06,135.62,put,3.35,3.5,2.77,2.93,0.5749999999999997,0.31000000000000005,0.31000000000000005,True,15:30,6.0,-42.879999999999995,old gate
2026-09-22,1530,ORCL,bull_put,152.5,150.0,2.5,2026-09-25,3,150.2,1.505,1.4715,0.5886,1.0227658851512065,0.5683,0.3964497041420118,0.4950690335305719,0.1084812623274161,0.002025242309816,0.0020272944981818,0.1224263274144926,0.001242340170082,0.0001073640682088,137.1,put,4.25,4.45,2.75,2.94,1.505,0.3900000000000001,0.15600000000000006,True,15:30,1.0,-96.96000000000001,old gate
2026-09-22,1530,QCOM,bull_put,197.5,195.0,2.5,2026-09-25,3,196.45,1.3,1.2829,0.51316,1.0133291760854315,0.6343,0.4280078895463511,0.4437869822485207,0.1282051282051282,2.765320239928818e-05,2.765358475254054e-05,0.1677699239460142,1.413530645160678e-05,4.932580530673374e-07,201.97,put,5.0,5.3,3.7,4.0,1.3000000000000003,0.5999999999999996,0.23999999999999985,True,15:30,5.0,133.42000000000002,old gate
2026-09-23,1530,CAT,bull_put,815.0,812.5,2.5,2026-09-25,2,811.135,1.4,1.3668,0.54672,1.0242903131401813,0.3923,0.4280078895463511,0.534516765285996,0.0374753451676528,-0.0002405752580261,-0.0002405463221192,0.2658033028848114,-8.307131593670505e-05,-4.0804958068604795e-07,821.58,put,10.1,12.4,8.35,11.35,1.4000000000000004,5.300000000000001,2.12,False,15:30,6.0,142.15,old gate
2026-09-23,1530,CRM,bull_put,240.0,237.5,2.5,2026-09-25,2,238.99,1.28,1.2326,0.49304,1.038455297744605,0.4325,0.4556213017751479,0.4319526627218935,0.1124260355029585,5.355584562568606e-05,5.3557279765525934e-05,0.1088443185969805,3.465265882991841e-05,3.929405274007517e-06,234.02,put,3.45,3.8,2.25,2.44,1.2800000000000002,0.5399999999999996,0.21599999999999983,True,15:30,5.0,-121.81,old gate
2026-09-23,1530,EOG,bull_put,142.0,141.0,1.0,2026-09-25,2,141.65,0.575,0.4966,0.4966,1.1578735400724929,0.3926,0.4792899408284023,0.388560157790927,0.1321499013806706,0.0040670553812529,0.0040753370745523,0.1544365646307015,0.0021972513710141,0.0001001061565873,140.35,put,1.5,2.05,1.05,1.35,0.5749999999999997,0.8499999999999999,0.8499999999999999,True,15:30,2.0,-48.35,old gate
2026-09-23,1530,FCX,bull_put,73.0,72.0,1.0,2026-09-25,2,72.59,0.7,0.4932,0.4932,1.4193025141930249,0.5268,0.4516765285996055,0.4201183431952662,0.1282051282051282,0.000185053187703,0.0001850703111003,0.0975865523431218,0.0001252597527878,1.7790392362121835e-05,72.31,put,1.21,1.63,0.51,0.93,0.7,0.84,0.84,True,15:30,3.0,-17.71,old gate
2026-09-23,1530,PYPL,bull_put,53.0,52.0,1.0,2026-09-25,2,52.675,0.53,0.4869,0.4869,1.088519203121791,0.4056,0.368836291913215,0.2978303747534517,0.3333333333333333,0.00151104071892,0.0015121829161768,0.0188256727936624,0.0014024932640307,0.0009624608390972,55.04,put,0.73,0.98,0.27,0.38,0.53,0.36,0.36,True,15:30,1.0,50.63999999999999,old gate
2026-09-23,1530,TSLA,bull_put,382.5,380.0,2.5,2026-09-25,2,379.74,1.425,1.4123,0.5649200000000001,1.0089924237060115,0.4371,0.4280078895463511,0.5069033530571992,0.0650887573964497,0.0009786927412823,0.0009791718173,0.188882661621565,0.0004599769978254,1.0522578176273983e-05,372.11,put,6.3,6.45,4.9,5.0,1.4249999999999998,0.25,0.1,True,15:30,4.0,-103.11999999999999,old gate
2026-09-24,1530,AXP,bull_put,305.0,302.5,2.5,2026-09-25,1,304.205,1.19,1.1343,0.45372,1.0491051749977958,0.2848,0.4280078895463511,0.3136094674556213,0.2583826429980276,0.0003261563532523,0.0003262095480189,0.0375715951699855,0.0002806907640427,0.0001323992099213,308.89,put,1.76,2.7,0.88,1.2,1.19,1.2600000000000002,0.5040000000000001,True,15:30,1.0,117.97,old gate
2026-09-24,1530,BLK,bull_put,1072.5,1070.0,2.5,2026-09-25,1,1068.48,1.6,1.4233,0.56932,1.1241481065130332,0.3796,0.3846153846153846,0.5660749506903353,0.04930966469428,-0.0006382873816938,-0.0006380837196369,0.256666069386107,-0.0002285614767927,-1.3478137448547288e-06,1086.31,put,8.0,13.6,6.0,12.4,1.6000000000000014,12.0,4.8,False,15:30,3.0,148.01999999999998,old gate
2026-09-24,1530,CAT,bull_put,807.5,805.0,2.5,2026-09-25,1,804.44,1.525,1.3544,0.54176,1.1259598346131128,0.3505,0.4240631163708087,0.5266272189349113,0.04930966469428,-0.0003086459865567,-0.0003085983602841,0.2124991408614428,-0.000131900000441,-1.88148478773342e-06,821.58,put,5.65,11.5,5.6,8.5,1.5249999999999995,8.75,3.5,False,15:30,4.0,140.86,old gate
2026-09-24,1530,NOW,bull_put,139.0,138.0,1.0,2026-09-25,1,138.38,0.65,0.5239,0.5239,1.2406947890818858,0.5542,0.408284023668639,0.4674556213017751,0.1242603550295858,-0.000229871621476,-0.0002298452030191,0.1515442693916716,-0.000125364936319,-6.051726399252385e-06,135.62,put,1.89,2.25,1.37,1.47,0.6499999999999999,0.45999999999999996,0.45999999999999996,True,15:30,6.0,-45.51,old gate
2026-09-24,1530,TJX,bull_put,132.0,131.0,1.0,2026-09-25,1,131.55,0.55,0.4975,0.4975,1.105527638190955,0.3326,0.3648915187376725,0.3372781065088757,0.2978303747534517,0.0003642647695412,0.0003643311220087,0.0647048362852553,0.000281249952559,7.710337540125913e-05,130.06,put,0.65,1.3,0.25,0.6,0.55,1.0,1.0,True,15:30,2.0,-48.260000000000005,old gate
2026-09-24,1530,TSLA,bull_put,380.0,377.5,2.5,2026-09-25,1,379.725,1.165,1.1604,0.46416,1.0039641502930023,0.4296,0.4950690335305719,0.4240631163708087,0.0808678500986193,-4.6120877618321954e-05,-4.6119814066991616e-05,0.1301247338145603,-2.7405500149416507e-05,-2.0304329625128065e-06,372.11,put,3.5,3.6,2.37,2.4,1.165,0.1299999999999999,0.051999999999999956,True,15:30,5.0,-129.32,old gate
2026-08-20,1531,GILD,bull_put,145.0,144.0,1.0,2026-08-21,1,144.42,0.62,0.5146,0.5146,1.2048192771084338,0.3507,0.3648915187376725,0.4398422090729783,0.1952662721893491,-0.0005725023840434,-0.0005723385358229,0.089135134427557,-0.0004006908267998,-6.738937980816453e-05,146.12,put,1.02,1.59,0.52,0.85,0.6200000000000001,0.9,0.9,True,15:30,2.0,53.52,book fix
2026-08-20,1531,INTC,bull_put,93.0,92.5,0.5,2026-08-21,1,92.295,0.305,0.2831,0.5662,1.0773578240904274,0.6471,0.3727810650887574,0.5857988165680473,0.0414201183431952,-0.0010533793125723,-0.0010528247033393,0.2218057115785296,-0.0004335508881612,-5.1340506439775865e-06,90.07,put,1.57,1.65,1.28,1.33,0.3049999999999997,0.1299999999999999,0.2599999999999998,True,15:30,1.0,-20.560000000000002,book fix
2026-08-20,1531,PEP,bull_put,143.0,142.0,1.0,2026-08-21,1,142.67,0.465,0.4574,0.4574,1.0166156536947968,0.2567,0.3964497041420118,0.3570019723865877,0.2465483234714004,-0.0004536556391879,-0.0004535527530273,0.0393612160447776,-0.0003874809641516,-0.0001763450173433,143.48,put,0.69,1.09,0.33,0.52,0.46499999999999997,0.5900000000000001,0.5900000000000001,True,15:30,3.0,47.57,book fix
2026-08-20,1531,SBUX,bull_put,104.0,103.0,1.0,2026-08-21,1,103.58,0.505,0.475,0.475,1.063157894736842,0.3166,0.3806706114398422,0.3806706114398422,0.2386587771203155,-0.0005108663137337,-0.0005107358437569,0.0283254375332375,-0.0004560264291973,-0.0002587964941402,107.08,put,0.79,1.16,0.36,0.58,0.505,0.5899999999999999,0.5899999999999999,True,15:30,4.0,49.4,book fix
2026-08-24,1531,AXP,bull_put,340.0,337.5,2.5,2026-08-28,4,338.27,1.3,1.2996,0.5198400000000001,1.000307787011388,0.268,0.4398422090729783,0.4516765285996055,0.1084812623274161,0.000311118497229,0.0003111668996083,0.1446045160843259,0.0001744976646718,9.677668713462389e-06,333.2,put,4.5,4.75,3.2,3.45,1.2999999999999998,0.5,0.2,True,15:30,3.0,-114.84,book fix
2026-08-24,1531,CRM,bull_put,212.5,210.0,2.5,2026-08-28,4,210.17,1.375,1.3397,0.5358799999999999,1.0263491826528328,0.9228,0.4280078895463511,0.4635108481262327,0.1084812623274161,0.0004563926426671,0.000456496805635,0.2483017704731223,0.0001690804472012,1.1786140463089974e-06,256.0,put,9.2,9.7,7.9,8.25,1.375,0.8499999999999996,0.33999999999999986,True,15:30,6.0,139.32999999999998,book fix
2026-08-24,1531,FCX,bull_put,78.0,77.0,1.0,2026-08-28,4,77.54,0.57,0.517,0.517,1.102514506769826,0.6108,0.4911242603550296,0.408284023668639,0.1005917159763313,0.0071582361345218,0.0071839175481041,0.1812141779087477,0.0034798463556695,9.280122711708934e-05,76.45,put,2.07,2.33,1.54,1.72,0.5700000000000003,0.44000000000000017,0.44000000000000017,True,15:30,2.0,-46.230000000000004,book fix
2026-08-24,1531,PYPL,bull_put,62.0,61.0,1.0,2026-08-28,4,61.665,0.535,0.5069,0.5069,1.0554349970408363,0.4064,0.4280078895463511,0.3727810650887574,0.1992110453648915,0.0027443226956005,0.0027480917962168,0.0835282627925657,0.0019675590771586,0.0003701779183619,53.66,put,1.12,1.33,0.66,0.72,0.5350000000000001,0.2699999999999999,0.2699999999999999,True,15:30,1.0,-47.28,book fix
2026-08-24,1531,SCHW,bull_put,114.0,113.0,1.0,2026-08-28,4,113.61,0.475,0.4692,0.4692,1.0123614663256606,0.2285,0.4635108481262327,0.3964497041420118,0.1400394477317554,1.3460802360353366e-05,1.3460892957395387e-05,0.0933191255789382,9.2674861471127e-06,1.4335152573092376e-06,110.16,put,1.25,1.38,0.79,0.89,0.47499999999999987,0.22999999999999987,0.22999999999999987,True,15:30,5.0,-51.2,book fix
2026-08-24,1531,TSLA,bull_put,355.0,352.5,2.5,2026-08-28,4,351.56,1.425,1.422,0.5688,1.0021097046413503,0.4578,0.4240631163708087,0.5226824457593688,0.0532544378698224,0.0005377652067456,0.0005379098283775,0.2317419453972223,0.0002128788361051,2.0665576486428865e-06,348.75,put,8.5,8.6,7.05,7.2,1.4250000000000007,0.25,0.1,True,15:30,4.0,-102.10999999999999,book fix
2026-08-25,1531,AXP,bull_put,337.5,335.0,2.5,2026-08-28,3,336.6,1.205,1.2032,0.48128,1.001496010638298,0.2687,0.4950690335305719,0.4043392504930966,0.1005917159763313,0.0015847139843974,0.0015859703071534,0.120758415356668,0.0009783994465923,8.742223991959281e-05,333.2,put,3.25,3.9,2.08,2.66,1.205,1.23,0.492,True,15:30,2.0,-124.86999999999999,book fix
2026-08-25,1531,EOG,bull_put,148.0,147.0,1.0,2026-08-28,3,147.635,0.5,0.4929,0.4929,1.0144045445323595,0.353,0.4753451676528599,0.4319526627218935,0.0927021696252465,0.0004699810123527,0.0004700914707325,0.1746863407620388,0.0002337335827084,7.102558818269451e-06,143.35,put,1.8,2.1,1.3,1.6,0.5,0.6000000000000001,0.6000000000000001,True,15:30,6.0,-48.74000000000001,book fix
2026-08-25,1531,FCX,bull_put,80.0,79.0,1.0,2026-08-28,3,79.43,0.545,0.5178,0.5178,1.052529934337582,0.5769,0.4437869822485207,0.4477317554240631,0.1084812623274161,0.0004335299918761,0.0004336239795847,0.1569612366523682,0.0002314428108071,1.0025261648067377e-05,76.45,put,1.89,2.08,1.33,1.55,0.5449999999999999,0.41000000000000014,0.41000000000000014,True,15:30,4.0,-46.150000000000006,book fix
2026-08-25,1531,IBM,bull_put,235.0,232.5,2.5,2026-08-28,3,233.8451,1.345,1.2596,0.5038400000000001,1.0677993013655127,0.3693,0.4753451676528599,0.3806706114398422,0.1439842209072978,0.0059985459558642,0.0060165732605026,0.1126856543108012,0.0038334886151354,0.0004025492489217,235.59,put,3.65,3.95,2.41,2.5,1.3449999999999998,0.3900000000000001,0.15600000000000006,True,15:30,1.0,131.0,book fix
2026-08-25,1531,QCOM,bull_put,160.0,157.5,2.5,2026-08-28,3,159.69,1.17,1.1475,0.4589999999999999,1.0196078431372548,0.4852,0.4674556213017751,0.3727810650887574,0.1597633136094674,9.64651965699526e-05,9.646984948674664e-05,0.1002301716784725,6.460616452113105e-05,8.70333598477903e-06,164.19,put,2.83,3.1,1.72,1.87,1.17,0.42000000000000015,0.16800000000000007,True,15:30,5.0,119.34,book fix
2026-08-25,1531,SBUX,bull_put,106.0,105.0,1.0,2026-08-28,3,105.615,0.51,0.4933,0.4933,1.0338536387593755,0.3007,0.4477317554240631,0.4161735700197239,0.136094674556213,0.0001909261723214,0.000190944399883,0.0997001144936128,0.0001281474850547,1.744720628819345e-05,107.85,put,1.28,1.43,0.79,0.9,0.51,0.2599999999999999,0.2599999999999999,True,15:30,3.0,51.300000000000004,book fix
2026-08-26,1531,AXP,bull_put,337.5,335.0,2.5,2026-08-28,2,337.22,1.215,1.1254,0.45016,1.0796161364848056,0.2665,0.4832347140039448,0.3609467455621302,0.155818540433925,0.0003070312200303,0.0003070783589396,0.0942241811985526,0.0002106517363203,3.199957454041109e-05,333.2,put,2.41,3.15,1.37,1.76,1.2150000000000003,1.1299999999999997,0.45199999999999985,True,15:30,1.0,-132.95999999999998,book fix
2026-08-26,1531,BA,bull_put,212.5,210.0,2.5,2026-08-28,2,211.93,1.14,1.1328,0.45312,1.0063559322033897,0.3199,0.4477317554240631,0.368836291913215,0.1834319526627219,-0.0001698203064173,-0.0001698058877652,0.0512916975912549,-0.0001383088402729,-4.9583355647598e-05,209.82,put,2.22,2.33,1.07,1.2,1.1400000000000003,0.23999999999999977,0.0959999999999999,True,15:30,6.0,-132.19,book fix
2026-08-26,1531,CRM,bull_put,207.5,205.0,2.5,2026-08-28,2,204.965,1.425,1.3482,0.53928,1.056964842011571,1.1924,0.3530571992110454,0.4832347140039448,0.1637080867850098,-0.0007480803865958,-0.0007478006442244,0.2363769375601818,-0.000290507290916,-2.5704729843869264e-06,256.0,put,8.45,8.8,7.15,7.25,1.4249999999999998,0.45000000000000107,0.18000000000000044,True,15:30,3.0,140.20999999999998,book fix
2026-08-26,1531,INTC,bull_put,88.0,87.0,1.0,2026-08-28,2,87.455,0.535,0.5334,0.5334,1.0029996250468691,0.7409,0.3806706114398422,0.5502958579881657,0.0690335305719921,-0.001203656924268,-0.0012029328198259,0.1762448175327371,-0.0005943917420653,-1.750772565935863e-05,89.47,put,2.14,2.21,1.62,1.66,0.5349999999999997,0.10999999999999965,0.10999999999999965,True,15:30,4.0,55.47,book fix
2026-08-26,1531,MS,bull_put,215.0,212.5,2.5,2026-08-28,2,213.9,1.22,1.1979,0.47916,1.0184489523332498,0.3264,0.4161735700197239,0.3806706114398422,0.2031558185404339,-9.598073544359476e-05,-9.59761294401229e-05,0.0513195497919036,-7.816494783946523e-05,-2.8006323217549092e-05,214.77,put,2.5,3.1,1.34,1.82,1.2199999999999998,1.08,0.43200000000000005,True,15:30,5.0,50.79,book fix
2026-08-26,1531,TSLA,bull_put,347.5,345.0,2.5,2026-08-28,2,345.88,1.325,1.3188,0.52752,1.0047012435547469,0.4778,0.4477317554240631,0.4753451676528599,0.0769230769230769,0.0002920104768426,0.0002920531160521,0.179034072224662,0.0001427078311103,3.975370521117952e-06,348.75,put,5.55,5.65,4.25,4.3,1.3249999999999993,0.15000000000000036,0.060000000000000143,True,15:30,2.0,137.16,book fix
2026-08-27,1531,ADP,bull_put,285.0,282.5,2.5,2026-08-28,1,284.41,1.35,1.1568,0.46272,1.1670124481327802,0.3557,0.4319526627218935,0.3175542406311637,0.2504930966469428,0.0010710057500378,0.001071579481501,0.0579958727566753,0.0008497188235408,0.0002663970976211,287.48,put,1.9,2.5,0.25,1.45,1.35,1.8,0.72,True,15:30,2.0,120.31,book fix
2026-08-27,1531,AVGO,bull_put,370.0,367.5,2.5,2026-08-28,1,369.1476,1.275,1.2284,0.4913599999999999,1.037935525887333,0.5707,0.4319526627218935,0.4201183431952662,0.1479289940828402,-9.470714603757036e-05,-9.470266145739092e-05,0.1635014514941798,-4.9241477054484354e-05,-1.871438278321181e-06,368.79,put,4.6,5.05,3.35,3.75,1.2749999999999995,0.8500000000000001,0.34,True,15:30,3.0,3.375,book fix
2026-08-27,1531,FCX,bull_put,79.0,78.0,1.0,2026-08-28,1,78.51,0.54,0.5106,0.5106,1.0575793184488835,0.5518,0.4240631163708087,0.3846153846153846,0.1913214990138067,0.0019807060541356,0.0019826689481301,0.0627829055147652,0.0015423577753735,0.0004393996824505,76.45,put,1.02,1.4,0.43,0.91,0.5399999999999999,0.8599999999999999,0.8599999999999999,True,15:30,1.0,-46.9,book fix
2026-08-27,1531,GM,bull_put,87.0,86.0,1.0,2026-08-28,1,86.4,0.545,0.5376,0.5376,1.0137648809523812,0.3349,0.2899408284023668,0.4240631163708087,0.2859960552268245,-0.0009104835858742,-0.000910069221461,0.0177206462880066,-0.0008477943367886,-0.0005947999635146,86.27,put,0.81,1.02,0.27,0.47,0.545,0.4099999999999999,0.4099999999999999,True,15:30,4.0,-17.09,book fix
2026-08-31,1531,ACN,bull_put,192.5,190.0,2.5,2026-09-04,4,191.225,1.275,1.2648,0.5059199999999999,1.0080645161290325,0.4282,0.4240631163708087,0.4201183431952662,0.155818540433925,0.00011510028045,0.0001151069047413,0.1275753802496388,6.910034904027167e-05,5.38734226477966e-06,186.72,put,3.7,4.3,2.6,2.85,1.275,0.8499999999999996,0.33999999999999986,True,15:30,3.0,-118.46000000000001,book fix
2026-08-31,1531,AXP,bull_put,332.5,330.0,2.5,2026-09-04,4,331.12,1.315,1.2566,0.50264,1.04647461403788,0.2447,0.4477317554240631,0.4358974358974359,0.1163708086785009,0.0001540530881525,0.0001540649549389,0.1266502383215846,9.28303232445572e-05,7.372586386889218e-06,326.16,put,3.75,4.25,2.57,2.8,1.3150000000000004,0.73,0.292,True,15:30,1.0,-119.31,book fix
2026-08-31,1531,CRM,bull_put,262.5,260.0,2.5,2026-09-04,4,260.105,1.4,1.3705,0.5482,1.021524990879241,0.4302,0.4280078895463511,0.4871794871794871,0.0848126232741617,0.0004645810437811,0.0004646889782684,0.1795235729604174,0.0002266198685752,6.251382046912686e-06,259.23,put,5.8,6.15,4.45,4.7,1.3999999999999995,0.6000000000000005,0.2400000000000002,True,15:30,2.0,-107.47,book fix
2026-08-31,1531,EOG,bull_put,145.0,144.0,1.0,2026-09-04,4,144.09,0.575,0.5356,0.5356,1.073562359970127,0.3468,0.4398422090729783,0.4950690335305719,0.0650887573964497,6.907245164964899e-05,6.907483720630658e-05,0.1931904858008127,3.189434019949977e-05,6.693948757792948e-07,145.19,put,2.2,2.7,1.65,2.1,0.5750000000000002,0.9500000000000002,0.9500000000000002,True,15:30,6.0,55.7,book fix
2026-08-31,1531,ORCL,bull_put,152.5,150.0,2.5,2026-09-04,4,150.15,1.45,1.4423,0.57692,1.0053386951397074,0.5669,0.3925049309664694,0.5187376725838264,0.0887573964497041,0.0001092400301244,0.0001092459970337,0.1432044778797487,6.160754096822225e-05,3.5137882316656395e-06,158.78,put,4.85,5.1,3.45,3.6,1.4499999999999993,0.3999999999999999,0.15999999999999998,True,15:30,4.0,150.0,book fix
2026-08-31,1531,SBUX,bull_put,107.0,106.0,1.0,2026-09-04,4,106.25,0.545,0.5377,0.5377,1.0135763436860703,0.2802,0.408284023668639,0.4674556213017751,0.1242603550295858,2.3251545953283624e-05,2.3251816272606973e-05,0.1166585068026351,1.4581436119703788e-05,1.4142213330608535e-06,104.47,put,1.55,1.69,1.03,1.12,0.5449999999999999,0.22999999999999998,0.22999999999999998,True,15:30,5.0,-44.08,book fix
2026-09-01,1531,AMGN,bull_put,437.5,435.0,2.5,2026-09-04,3,436.55,1.4,1.2338,0.49352,1.1347057869995136,0.3658,0.4477317554240631,0.4753451676528599,0.0769230769230769,-0.0004455891146432,-0.0004454898545572,0.2029690826859378,-0.0001978082530922,-3.4141087876719845e-06,437.23,put,5.75,6.3,4.15,5.1,1.4000000000000004,1.4999999999999991,0.5999999999999996,True,15:30,5.0,50.660000000000004,book fix
2026-09-01,1531,GE,bull_put,332.5,330.0,2.5,2026-09-04,3,330.735,1.325,1.3216,0.52864,1.0025726392251817,0.3296,0.4319526627218935,0.4871794871794871,0.0808678500986193,-7.8843185805446e-05,-7.884007776315372e-05,0.150884799374378,-4.311548749214417e-05,-2.1089417547453584e-06,337.12,put,4.35,5.0,3.1,3.6,1.3249999999999997,1.1500000000000004,0.46000000000000013,True,15:30,4.0,137.45000000000002,book fix
2026-09-01,1531,GILD,bull_put,150.0,149.0,1.0,2026-09-04,3,149.32,0.52,0.5162,0.5162,1.0073614877954282,0.3039,0.4358974358974359,0.4792899408284023,0.0848126232741617,-0.0001907675084517,-0.0001907493134876,0.1566739905823878,-0.0001019277377531,-4.440576885471619e-06,151.0,put,1.9,2.13,1.38,1.61,0.5199999999999996,0.4600000000000002,0.4600000000000002,True,15:30,6.0,53.68000000000001,book fix
2026-09-01,1531,ORCL,bull_put,142.0,141.0,1.0,2026-09-04,3,141.07,0.57,0.5418,0.5418,1.052048726467331,0.5721,0.408284023668639,0.5266272189349113,0.0650887573964497,-0.0004933334291806,-0.000493211760253,0.234107024552824,-0.0001933516433923,-1.790276409297866e-06,158.78,put,3.25,3.45,2.72,2.84,0.5699999999999998,0.31999999999999984,0.31999999999999984,True,15:30,3.0,56.35,book fix
2026-09-01,1531,SBUX,bull_put,106.0,105.0,1.0,2026-09-04,3,105.685,0.535,0.4765,0.4765,1.1227701993704091,0.3035,0.4595660749506903,0.4003944773175542,0.1400394477317554,8.640581595386557e-05,8.640954904381992e-05,0.0995171537001505,5.803403079006619e-05,7.9302653945243e-06,104.47,put,1.15,1.46,0.65,0.89,0.5349999999999999,0.55,0.55,True,15:30,1.0,-50.44,book fix
2026-09-01,1531,TSLA,bull_put,357.5,355.0,2.5,2026-09-04,3,356.03,1.3,1.2937,0.51748,1.004869753420422,0.4685,0.4358974358974359,0.4871794871794871,0.0769230769230769,-0.0002464122265006,-0.0002463818695014,0.2081182989927511,-0.0001071692597458,-1.6686976494483105e-06,354.08,put,6.7,6.8,5.4,5.5,1.2999999999999998,0.1999999999999993,0.07999999999999971,True,15:30,2.0,-115.46000000000001,book fix
2026-09-02,1530,AMGN,bull_put,442.5,440.0,2.5,2026-09-04,2,441.435,1.45,1.2325,0.493,1.1764705882352942,0.3698,0.4161735700197239,0.4516765285996055,0.1321499013806706,-0.0005304803649752,-0.0005303396851434,0.1783180217401149,-0.0002598866643545,-7.344011321017932e-06,437.23,put,4.6,6.35,3.75,4.3,1.4499999999999993,2.3,0.9199999999999999,True,15:30,6.0,-121.82,book fix
2026-09-02,1530,CME,bull_put,280.0,277.5,2.5,2026-09-04,2,278.83,1.175,1.1748,0.46992,1.0001702417432754,0.3265,0.4516765285996055,0.3727810650887574,0.1755424063116371,0.0002140730976188,0.0002140960128995,0.0920068737529442,0.0001481754549169,2.352960940533656e-05,281.29,put,2.8,3.5,1.7,2.25,1.1749999999999998,1.2500000000000002,0.5000000000000001,True,15:30,1.0,122.18,book fix
2026-09-02,1530,EOG,bull_put,150.0,149.0,1.0,2026-09-04,2,148.95,0.6,0.5623,0.5623,1.0670460608216257,0.3544,0.3964497041420118,0.4871794871794871,0.1163708086785009,0.0002152813941959,0.0002153045688981,0.1575189411725468,0.0001146607605483,4.911596477294681e-06,145.19,put,1.9,2.25,1.25,1.7,0.6000000000000001,0.8,0.8,True,15:30,2.0,-41.52,book fix
2026-09-02,1530,ORCL,bull_put,147.0,146.0,1.0,2026-09-04,2,146.19,0.57,0.5472,0.5472,1.0416666666666663,0.5902,0.4003944773175542,0.5660749506903353,0.0335305719921104,-0.0008795578032923,-0.0008791711057102,0.2170112454450538,-0.0003690508931966,-4.8100604305913355e-06,158.78,put,2.9,3.1,2.39,2.47,0.5699999999999998,0.28000000000000025,0.28000000000000025,True,15:30,5.0,56.910000000000004,book fix
2026-09-02,1530,TJX,bull_put,132.0,131.0,1.0,2026-09-04,2,131.44,0.525,0.5185,0.5185,1.012536162005786,0.2475,0.3925049309664694,0.4161735700197239,0.1913214990138067,2.138330074342564e-05,2.1383529367868803e-05,0.0718810452193869,1.6040179435155298e-05,3.8094159549286344e-06,132.08,put,1.15,1.3,0.65,0.75,0.5250000000000001,0.2500000000000001,0.2500000000000001,True,15:30,4.0,53.92,book fix
2026-09-02,1530,TSLA,bull_put,355.0,352.5,2.5,2026-09-04,2,352.895,1.375,1.3639,0.5455599999999999,1.008138426570863,0.568,0.4358974358974359,0.4871794871794871,0.0769230769230769,0.0005875010772111,0.0005876736897707,0.2082619100788543,0.000255474909734,3.966507571402596e-06,354.08,put,6.95,7.05,5.6,5.65,1.375,0.15000000000000036,0.060000000000000143,True,15:30,3.0,24.925,book fix
2026-09-03,1530,MDT,bull_put,93.0,92.0,1.0,2026-09-04,1,92.65,0.66,0.4705,0.4705,1.4027630180658874,0.3442,0.3491124260355029,0.2702169625246548,0.3806706114398422,0.0003220884906314,0.0003221403666986,0.025367400795508,0.0002910566054788,0.0001752423289453,94.17,put,0.7,1.31,0.27,0.42,0.6599999999999999,0.76,0.76,True,15:30,1.0,48.93,book fix
2026-09-03,1530,NOW,bull_put,147.0,146.0,1.0,2026-09-04,1,146.24,0.53,0.5284,0.5284,1.0030280090840271,0.6131,0.4122287968441814,0.4753451676528599,0.1124260355029585,-0.0001842816026667,-0.0001842646238551,0.1763797299188126,-9.099949689533858e-05,-2.6731548843776724e-06,141.26,put,2.26,2.38,1.73,1.85,0.5299999999999998,0.2400000000000002,0.2400000000000002,True,15:30,2.0,-45.050000000000004,book fix
2026-09-03,1545,FCX,bull_put,73.0,72.0,1.0,2026-09-04,1,72.585,0.495,0.4896,0.4896,1.0110294117647058,0.5453,0.4280078895463511,0.3530571992110454,0.2189349112426035,0.0018819879252581,0.0018837599760186,0.050606431637965,0.001538555578458,0.0005591795870703,72.73,put,0.89,1.22,0.45,0.67,0.4949999999999999,0.55,0.55,True,15:45,1.0,11.959999999999999,book fix
2026-09-08,1530,ACN,bull_put,180.0,177.5,2.5,2026-09-11,3,178.93,1.4,1.2875,0.515,1.087378640776699,0.4805,0.4556213017751479,0.3806706114398422,0.1637080867850098,0.0059888465968314,0.006006815591887,0.1109126163764679,0.0038545115407896,0.0004193673400797,183.9,put,3.6,4.1,2.2,2.7,1.3999999999999995,0.9999999999999996,0.3999999999999998,True,15:30,1.0,133.9,book fix
2026-09-08,1530,CRM,bull_put,250.0,247.5,2.5,2026-09-11,3,249.44,1.2,1.1619,0.4647599999999999,1.0327911179963851,0.4787,0.4516765285996055,0.4161735700197239,0.1321499013806706,-0.0003646486103481,-0.000364582134124,0.1639337577908406,-0.0001892401471932,-7.1302170286113455e-06,247.72,put,4.5,4.8,3.35,3.55,1.2000000000000002,0.49999999999999956,0.19999999999999982,True,15:30,5.0,-107.16000000000001,book fix
2026-09-08,1530,QCOM,bull_put,175.0,172.5,2.5,2026-09-11,3,172.5799,1.475,1.4524,0.5809599999999999,1.0155604516662078,0.6087,0.3372781065088757,0.5069033530571992,0.155818540433925,-0.0004506195866066,-0.0004505180728493,0.1533341303313993,-0.0002439740024378,-1.1363188657670187e-05,181.97,put,4.9,5.4,3.5,3.85,1.4750000000000005,0.8500000000000001,0.34,True,15:30,6.0,151.04999999999998,book fix
2026-09-08,1530,SCHW,bull_put,108.0,107.0,1.0,2026-09-11,3,107.61,0.475,0.472,0.472,1.00635593220339,0.2729,0.4437869822485207,0.3412228796844181,0.2149901380670611,0.0013913258295621,0.0013922941723856,0.0896209861909131,0.0009728444514854,0.0001620337230788,107.25,put,1.14,1.31,0.69,0.81,0.4750000000000001,0.29000000000000026,0.29000000000000026,True,15:30,2.0,-25.91,book fix
2026-09-08,1530,TSLA,bull_put,370.0,367.5,2.5,2026-09-11,3,368.36,1.325,1.3118,0.5247200000000001,1.0100625095288915,0.477,0.4280078895463511,0.5029585798816568,0.0690335305719921,-0.0003554913858027,-0.0003554282062269,0.2164073395035257,-0.0001495594420201,-1.9729840230688123e-06,365.44,put,7.25,7.35,5.95,6.0,1.3250000000000002,0.14999999999999947,0.05999999999999979,True,15:30,3.0,-113.57,book fix
2026-09-08,1530,UNH,bull_put,405.0,402.5,2.5,2026-09-11,3,402.445,1.375,1.3052,0.52208,1.0534783941158443,0.44,0.4043392504930966,0.534516765285996,0.0611439842209073,-0.0009790208238571,-0.0009785417393277,0.2204705845775996,-0.0004051191024744,-4.927192792076013e-06,379.09,put,7.4,7.9,5.95,6.6,1.375,1.1499999999999995,0.4599999999999998,True,15:30,4.0,-114.26,book fix
2026-09-09,1530,ACN,bull_put,177.5,175.0,2.5,2026-09-11,2,177.015,1.3,1.174,0.4695999999999999,1.1073253833049406,0.4709,0.4516765285996055,0.3214990138067061,0.2268244575936883,0.0031468184495112,0.0031517748803207,0.0791288894587924,0.0022966469017172,0.0004718342129797,183.9,put,2.5,3.1,1.35,1.65,1.2999999999999998,0.8999999999999999,0.36,True,15:30,1.0,122.10000000000001,book fix
2026-09-09,1530,FCX,bull_put,77.0,76.0,1.0,2026-09-11,2,76.555,0.525,0.5019,0.5019,1.0460251046025104,0.5774,0.4477317554240631,0.4319526627218935,0.1203155818540434,0.0002078363243692,0.0002078579238344,0.119711449589026,0.0001287675691261,1.1749139427390828e-05,71.07,put,1.42,1.68,0.92,1.13,0.5249999999999999,0.46999999999999986,0.46999999999999986,True,15:30,3.0,-47.8,book fix
2026-09-09,1530,GE,bull_put,327.5,325.0,2.5,2026-09-11,2,326.15,1.435,1.2286,0.49144,1.1679960931141138,0.4008,0.4556213017751479,0.4477317554240631,0.0966469428007889,-0.0001344262425779,-0.0001344172077754,0.1298079378886256,-7.997520925858043e-05,-5.962905990877338e-06,323.66,put,3.65,5.05,2.43,3.4,1.4349999999999996,2.3699999999999997,0.9479999999999998,True,15:30,4.0,-122.22999999999999,book fix
2026-09-09,1530,GILD,bull_put,146.0,145.0,1.0,2026-09-11,2,145.86,0.52,0.4665,0.4665,1.1146838156484458,0.3349,0.4714003944773176,0.4280078895463511,0.1005917159763313,-0.0002607323792246,-0.0002606983914918,0.1380016006845081,-0.0001501084072741,-9.500322396781955e-06,143.72,put,1.31,1.71,0.87,1.11,0.52,0.64,0.64,True,15:30,6.0,-51.47999999999999,book fix
2026-09-09,1530,INTC,bull_put,107.0,106.0,1.0,2026-09-11,2,105.725,0.585,0.5798,0.5798,1.0089686098654709,0.7483,0.3530571992110454,0.6015779092702169,0.0453648915187376,-0.0012078125369059,-0.0012070834249169,0.215003215814183,-0.0005107853652135,-6.930175632992802e-06,102.94,put,2.99,3.05,2.41,2.46,0.585,0.10999999999999943,0.10999999999999943,True,15:30,5.0,-39.7,book fix
2026-09-09,1530,PYPL,bull_put,53.0,52.0,1.0,2026-09-11,2,52.47,0.655,0.5421,0.5421,1.2082641579044455,0.6503,0.3293885601577909,0.3609467455621302,0.3096646942800789,0.0005139060111528,0.0005140380834702,0.0800363821451881,0.0003732139420835,7.529578699059981e-05,53.72,put,1.22,1.56,0.63,0.84,0.6550000000000001,0.55,0.55,True,15:30,2.0,56.379999999999995,book fix
2026-09-10,1530,MDT,bull_put,92.0,91.0,1.0,2026-09-11,1,91.62,0.58,0.481,0.481,1.205821205821206,0.3455,0.3451676528599605,0.2781065088757396,0.3767258382642998,0.000680628245609,0.0006808599255732,0.0222660877255551,0.0006228416074258,0.0003990036202908,90.96,put,0.51,1.23,0.18,0.4,0.58,0.94,0.94,True,15:30,1.0,-49.980000000000004,book fix
2026-09-10,1530,MSFT,bull_put,492.5,490.0,2.5,2026-09-11,1,490.27,1.375,1.3662,0.5464800000000001,1.0064412238325282,0.3394,0.3648915187376725,0.4871794871794871,0.1479289940828402,-0.000525747555581,-0.0005256093745521,0.1387859599189715,-0.0003016943634145,-1.879696207196826e-05,495.63,put,4.55,4.85,3.25,3.4,1.3749999999999991,0.44999999999999973,0.17999999999999988,True,15:30,4.0,142.08,book fix
2026-09-10,1530,NOW,bull_put,132.0,131.0,1.0,2026-09-11,1,131.055,0.545,0.5448,0.5448,1.000367107195301,0.7331,0.368836291913215,0.4911242603550296,0.1400394477317554,-0.0005478036737882,-0.0005476536567502,0.1886835577653741,-0.0002574714506905,-5.913498905032625e-06,132.53,put,2.48,2.59,1.96,2.02,0.5450000000000002,0.16999999999999993,0.16999999999999993,True,15:30,3.0,56.66,book fix
2026-09-10,1530,TSLA,bull_put,365.0,362.5,2.5,2026-09-11,1,363.9257,1.275,1.2508,0.50032,1.0193476175247842,0.4975,0.4516765285996055,0.4358974358974359,0.1124260355029585,0.0001505463867319,0.0001505577194078,0.1419851046697438,8.531976247311252e-05,4.9863491875398995e-06,365.44,put,4.25,4.35,2.95,3.1,1.2749999999999995,0.24999999999999956,0.09999999999999983,True,15:30,2.0,130.07999999999998,book fix
2026-09-10,1530,UNH,bull_put,390.0,387.5,2.5,2026-09-11,1,389.375,1.29,1.1542,0.46168,1.117657251776122,0.326,0.4635108481262327,0.4319526627218935,0.1045364891518737,-0.0004574456129288,-0.0004573410006365,0.0912670415260594,-0.0003174629500009,-5.1163187949593055e-05,379.09,put,2.87,3.15,1.53,1.91,1.2899999999999998,0.6599999999999997,0.2639999999999999,True,15:30,5.0,-129.96,book fix
2026-09-10,1530,V,bull_put,367.5,365.0,2.5,2026-09-11,1,366.42,1.235,1.1939,0.47756,1.034424993718067,0.2418,0.3925049309664694,0.3609467455621302,0.2465483234714004,-0.0001619864565593,-0.0001619733374617,0.0365755882338743,-0.0001399281931815,-6.733078897400354e-05,370.45,put,1.82,2.89,0.73,1.51,1.2349999999999999,1.85,0.74,True,15:30,6.0,124.17,book fix
2026-09-14,1530,CL,bull_put,89.0,88.0,1.0,2026-09-18,4,88.42,0.55,0.534,0.534,1.0299625468164797,0.2593,0.3925049309664694,0.4477317554240631,0.1597633136094674,-2.7626705559146043e-05,-2.762632394526232e-05,0.0696636077618462,-2.0907640226841677e-05,-5.190564707119676e-06,87.47,put,0.95,1.45,0.55,0.75,0.5499999999999999,0.7,0.7,True,15:30,6.0,-44.46,book fix
2026-09-14,1530,COST,bull_put,922.5,920.0,2.5,2026-09-18,4,918.99,1.375,1.3672,0.54688,1.0057050906963136,0.2092,0.4398422090729783,0.514792899408284,0.0453648915187376,0.0001118523368167,0.0001118585925226,0.2489120294948698,4.1329948764082526e-05,2.846049498840086e-07,895.31,put,9.2,10.05,7.85,8.65,1.375,1.6500000000000021,0.6600000000000008,True,15:30,3.0,-107.81,book fix
2026-09-14,1530,CVX,bull_put,212.5,210.0,2.5,2026-09-18,4,211.61,1.26,1.1846,0.47384,1.0636501772750295,0.3053,0.4595660749506903,0.368836291913215,0.1715976331360946,0.0008954882955544,0.0008958893649069,0.0965687745845005,0.0006088316729128,8.824935073330588e-05,209.51,put,3.15,3.55,2.01,2.17,1.2599999999999998,0.56,0.22400000000000003,True,15:30,1.0,-126.8,book fix
2026-09-14,1530,FCX,bull_put,70.0,69.0,1.0,2026-09-18,4,69.38,0.585,0.5231,0.5231,1.1183330147199388,0.5102,0.4556213017751479,0.4358974358974359,0.1084812623274161,0.0020825574028184,0.0020847274316282,0.1407966219624409,0.0011870267255962,7.104222867831496e-05,71.54,put,1.73,2.16,1.2,1.52,0.5850000000000002,0.7500000000000002,0.7500000000000002,True,15:30,2.0,54.400000000000006,book fix
2026-09-14,1530,GE,bull_put,320.0,317.5,2.5,2026-09-18,4,317.68,1.325,1.3228,0.52912,1.0016631387964925,0.3497,0.4280078895463511,0.4832347140039448,0.0887573964497041,-7.4038702831309e-05,-7.403596203414686e-05,0.1785636464675464,-3.6244815947223355e-05,-1.0192055317585466e-06,314.27,put,5.55,6.55,4.15,5.3,1.3250000000000002,2.1499999999999995,0.8599999999999998,True,15:30,4.0,-112.43,book fix
2026-09-14,1530,MA,bull_put,575.0,572.5,2.5,2026-09-18,4,572.4,1.4,1.2911,0.51644,1.0843466811246223,0.2511,0.4319526627218935,0.514792899408284,0.0532544378698224,-0.0005850662521153,-0.0005848951342291,0.2123319514560094,-0.0002501610142661,-3.580368537288616e-06,565.24,put,6.4,7.3,4.8,6.1,1.4000000000000004,2.1999999999999993,0.8799999999999997,True,15:30,5.0,-115.73,book fix
2026-09-15,1530,ABBV,bull_put,262.5,260.0,2.5,2026-09-18,3,261.86,1.185,1.1676,0.46704,1.0149023638232273,0.2929,0.4674556213017751,0.4161735700197239,0.1163708086785009,-0.00017614198776,-0.000176126475671,0.0968032519245856,-0.0001195804469402,-1.725193485228817e-05,263.96,put,2.87,3.45,1.82,2.13,1.185,0.8899999999999999,0.356,True,15:30,6.0,121.42999999999999,book fix
2026-09-15,1530,AVGO,bull_put,342.5,340.0,2.5,2026-09-18,3,339.78,1.4,1.3996,0.55984,1.0002857959416975,0.4005,0.3925049309664694,0.5581854043392505,0.04930966469428,-0.0006491578775483,-0.0006489472201591,0.1889196243794959,-0.0003048052021258,-6.967666685809016e-06,357.61,put,6.05,6.4,4.7,4.95,1.3999999999999995,0.6000000000000005,0.2400000000000002,True,15:30,5.0,145.56,book fix
2026-09-15,1530,AXP,bull_put,325.0,322.5,2.5,2026-09-18,3,324.43,1.185,1.1611,0.46444,1.0205839290328138,0.2849,0.4950690335305719,0.408284023668639,0.0966469428007889,0.0001367201159701,0.0001367294625911,0.1260136260249778,8.259504937263627e-05,6.643754385986665e-06,311.56,put,3.5,3.8,2.31,2.62,1.185,0.6099999999999999,0.24399999999999994,True,15:30,1.0,-129.25,book fix
2026-09-15,1530,CL,bull_put,87.5,87.0,0.5,2026-09-18,3,87.0,0.325,0.2746,0.5492,1.18353969410051,0.2689,0.4003944773175542,0.4950690335305719,0.1045364891518737,-0.0001271639479266,-0.0001271558629345,0.1668168629943305,-6.524478692919177e-05,-2.320560820220079e-06,87.47,put,0.95,1.2,0.65,0.85,0.32499999999999996,0.44999999999999996,0.8999999999999999,True,15:30,4.0,12.78,book fix
2026-09-15,1530,ORCL,bull_put,141.0,140.0,1.0,2026-09-18,3,140.175,0.55,0.5405,0.5405,1.0175763182238668,0.5806,0.4280078895463511,0.5029585798816568,0.0690335305719921,-4.971767748835048e-05,-4.9716441585134774e-05,0.2351846391429795,-1.9406288022537437e-05,-1.7585497233944338e-07,147.61,put,3.3,3.45,2.79,2.86,0.5499999999999998,0.2200000000000002,0.2200000000000002,True,15:30,2.0,56.21000000000001,book fix
2026-09-15,1530,TSLA,bull_put,357.5,355.0,2.5,2026-09-18,3,355.91,1.3,1.299,0.5196,1.0007698229407238,0.4829,0.4319526627218935,0.4911242603550296,0.0769230769230769,-0.0002890549106142,-0.0002890131382684,0.2128742158615194,-0.0001233437638029,-1.7462855120140051e-06,364.27,put,6.95,7.05,5.65,5.75,1.2999999999999998,0.1999999999999993,0.07999999999999971,True,15:30,3.0,135.1,book fix
2026-09-16,1530,FCX,bull_put,69.0,68.0,1.0,2026-09-18,2,68.16,0.59,0.5633,0.5633,1.047399254393751,0.6237,0.3964497041420118,0.4635108481262327,0.1400394477317554,0.0010290454326089,0.0010295750815221,0.1218327225778057,0.0006324306457377,5.530791972046838e-05,71.54,put,1.53,1.92,0.99,1.28,0.5900000000000001,0.6799999999999999,0.6799999999999999,True,15:30,1.0,58.58,book fix
2026-09-16,1530,JPM,bull_put,347.5,345.0,2.5,2026-09-18,2,346.26,1.48,1.2104,0.48416,1.2227362855254462,0.3142,0.4477317554240631,0.4043392504930966,0.1479289940828402,8.06245983733106e-05,8.06278486236156e-05,0.1187548662639766,5.0140278201133074e-05,4.663318484897178e-06,349.67,put,3.65,4.75,2.51,2.93,1.4800000000000004,1.5200000000000005,0.6080000000000002,True,15:30,4.0,125.88,book fix
2026-09-16,1530,MS,bull_put,202.5,200.0,2.5,2026-09-18,2,201.435,1.41,1.2127,0.4850799999999999,1.1626948132266843,0.4291,0.4201183431952662,0.3767258382642998,0.2031558185404339,0.0001154322184603,0.0001154388810151,0.0825625518508434,8.297098876961272e-05,1.5914648537793978e-05,202.58,put,2.83,3.55,1.61,1.95,1.41,1.0599999999999996,0.4239999999999998,True,15:30,3.0,126.12,book fix
2026-09-16,1530,NOW,bull_put,140.0,139.0,1.0,2026-09-18,2,138.955,0.63,0.54,0.54,1.1666666666666663,0.6584,0.408284023668639,0.5226824457593688,0.0690335305719921,-0.0004881487070461,-0.0004880295818504,0.2272603699529474,-0.0001966321142909,-2.0878339556271823e-06,135.47,put,3.1,3.3,2.42,2.72,0.6299999999999999,0.5,0.5,True,15:30,5.0,-43.84,book fix
2026-09-16,1530,ORCL,bull_put,143.0,142.0,1.0,2026-09-18,2,141.76,0.795,0.5745,0.5745,1.3838120104438645,0.6299,0.3846153846153846,0.5739644970414202,0.0414201183431952,-0.0006102951701643,-0.0006101089779462,0.2269373547105739,-0.0002461369712647,-2.6304135588217796e-06,147.61,put,3.1,3.35,2.13,2.73,0.7950000000000004,0.8500000000000001,0.8500000000000001,True,15:30,6.0,59.75,book fix
2026-09-16,1530,SCHW,bull_put,105.0,104.0,1.0,2026-09-18,2,104.51,0.635,0.4798,0.4798,1.323468111713214,0.3408,0.408284023668639,0.3530571992110454,0.2386587771203155,0.0001447927427644,0.0001448032257396,0.0889077397012909,0.000101468133965,1.7143001320944976e-05,105.25,put,1.2,1.7,0.71,0.92,0.635,0.7100000000000001,0.7100000000000001,True,15:30,2.0,49.9,book fix
2026-09-17,1530,ORCL,bull_put,150.0,149.0,1.0,2026-09-18,1,149.455,0.675,0.5228,0.5228,1.2911247130833972,0.5662,0.4398422090729783,0.4990138067061144,0.0611439842209073,-0.0002227371284286,-0.0002227123243561,0.1642120262142834,-0.0001154725464338,-4.326644434586782e-06,147.61,put,2.01,2.38,1.48,1.56,0.6749999999999998,0.4500000000000002,0.4500000000000002,True,15:30,1.0,-45.63,book fix
2026-09-17,1545,ADI,bull_put,365.0,362.5,2.5,2026-09-18,1,362.73,1.7,1.3515,0.5406,1.2578616352201255,0.4748,0.368836291913215,0.4635108481262327,0.1676528599605522,-0.0003434888398568,-0.0003434298543191,0.1420622933728411,-0.0001945586594593,-1.1353066017891843e-05,375.72,put,4.2,5.2,2.3,3.7,1.7000000000000002,2.4000000000000004,0.9600000000000002,True,15:45,2.0,140.56,book fix
2026-09-17,1545,INTC,bull_put,110.0,109.0,1.0,2026-09-18,1,109.29,0.565,0.5384,0.5384,1.0494056463595838,0.6978,0.388560157790927,0.5187376725838264,0.0927021696252465,-0.0007076351916916,-0.0007073848769566,0.1516109281372823,-0.0003857275092714,-1.859536996093208e-05,108.6,put,1.95,2.0,1.36,1.46,0.565,0.1499999999999999,0.1499999999999999,True,15:45,3.0,-44.010000000000005,book fix
2026-09-17,1545,TSLA,bull_put,367.5,365.0,2.5,2026-09-18,1,366.755,1.265,1.1985,0.4793999999999999,1.0554860241969128,0.4413,0.5029585798816568,0.4240631163708087,0.0729783037475345,0.0007689525006051,0.0007692482203724,0.1267631093935164,0.0004632937319385,3.671183105927719e-05,364.27,put,3.7,3.8,2.4,2.57,1.2650000000000001,0.2699999999999996,0.10799999999999983,True,15:45,1.0,-125.36,book fix
2026-09-21,1530,CSX,bull_put,46.0,45.5,0.5,2026-09-25,4,45.935,0.3,0.2288,0.4576,1.311188811188811,0.2901,0.5187376725838264,0.3136094674556213,0.1676528599605522,0.0088941136783315,0.0089337838304524,0.0998840936839384,0.0059912714495026,0.0008127122061692,46.78,put,0.5,0.75,0.25,0.4,0.3,0.4,0.8,True,15:30,1.0,23.799999999999997,book fix
2026-09-21,1530,CVX,bull_put,205.0,202.5,2.5,2026-09-25,4,203.68,1.275,1.2466,0.4986399999999999,1.0227819669501044,0.3006,0.4003944773175542,0.3925049309664694,0.2071005917159763,1.2125329651869151e-05,1.2125403163976143e-05,0.083291022762703,8.68970156080365e-06,1.6426620722001029e-06,204.45,put,3.1,3.45,1.85,2.15,1.2750000000000004,0.6499999999999999,0.25999999999999995,True,15:30,6.0,37.325,book fix
2026-09-21,1530,FCX,bull_put,73.0,72.0,1.0,2026-09-25,4,71.99,0.84,0.5644,0.5644,1.4883061658398298,0.5146,0.4437869822485207,0.4674556213017751,0.0887573964497041,0.0048637712659392,0.0048756186011915,0.1573345608570318,0.0025984334534159,0.000111717437875,72.31,put,2.0,2.49,1.2,1.61,0.8400000000000001,0.9000000000000004,0.9000000000000004,True,15:30,2.0,-10.299999999999999,book fix
2026-09-21,1530,IBM,bull_put,232.5,230.0,2.5,2026-09-25,4,230.17,1.45,1.4121,0.56484,1.02683945896183,0.3808,0.4043392504930966,0.4595660749506903,0.136094674556213,0.0018899533200962,0.0018917404075322,0.1460188127254025,0.0010548747135986,5.687188061671228e-05,225.51,put,4.65,5.25,3.3,3.7,1.4500000000000002,1.0,0.4,True,15:30,3.0,-103.14000000000001,book fix
2026-09-21,1530,QCOM,bull_put,195.0,192.5,2.5,2026-09-25,4,193.785,1.375,1.3435,0.5374,1.0234462225530332,0.6331,0.4477317554240631,0.4674556213017751,0.0848126232741617,0.0013018963176491,0.0013027441525512,0.1855298636743074,0.0006202413959315,1.5172908120332631e-05,201.97,put,5.5,6.05,4.15,4.65,1.375,1.0499999999999998,0.41999999999999993,True,15:30,4.0,139.72,book fix
2026-09-21,1530,TSLA,bull_put,377.5,375.0,2.5,2026-09-25,4,375.225,1.35,1.3476,0.53904,1.0017809439002672,0.4347,0.4674556213017751,0.4871794871794871,0.0453648915187376,0.0015794593498448,0.0015807073527338,0.2265139192390927,0.0006387876228227,6.88464559357009e-06,372.11,put,7.9,8.0,6.55,6.65,1.3500000000000005,0.20000000000000018,0.08000000000000007,True,15:30,5.0,-109.85000000000001,book fix
2026-09-22,1530,AMGN,bull_put,410.0,407.5,2.5,2026-09-25,3,409.27,1.25,1.244,0.4976,1.004823151125402,0.3145,0.5029585798816568,0.4201183431952662,0.0769230769230769,0.0033038960965228,0.0033093599769384,0.1727617349589925,0.0016581588667282,5.236447745185829e-05,414.61,put,4.45,5.2,3.25,3.9,1.25,1.4,0.5599999999999999,True,15:30,2.0,129.38,book fix
2026-09-22,1530,FCX,bull_put,75.0,74.0,1.0,2026-09-25,3,74.3,0.6,0.5328,0.5328,1.126126126126126,0.5204,0.4240631163708087,0.4595660749506903,0.1163708086785009,0.0002864675249038,0.0002865085606436,0.1334812281235002,0.0001679797612332,1.1637340546669488e-05,72.31,put,1.59,1.82,0.91,1.3,0.6000000000000001,0.62,0.62,True,15:30,4.0,-44.589999999999996,book fix
2026-09-22,1530,MCD,bull_put,252.5,250.0,2.5,2026-09-25,3,251.04,1.3,1.2962,0.51848,1.0029316463508715,0.3623,0.3925049309664694,0.3964497041420118,0.2110453648915187,0.0004032375365583,0.0004033188477428,0.1219238677265579,0.0002476538397563,2.1618611974444673e-05,236.5,put,3.25,4.65,2.44,2.86,1.3000000000000003,1.8200000000000003,0.7280000000000001,True,15:30,3.0,-115.19999999999999,book fix
2026-09-22,1530,NOW,bull_put,139.0,138.0,1.0,2026-09-25,3,137.889,0.575,0.5492,0.5492,1.046977421704297,0.5845,0.3846153846153846,0.5305719921104537,0.0848126232741617,-0.0006750523733182,-0.0006748245767259,0.2367380273177426,-0.0002617790065807,-2.29961131491413e-06,135.62,put,3.35,3.5,2.77,2.93,0.5749999999999997,0.31000000000000005,0.31000000000000005,True,15:30,6.0,-42.879999999999995,book fix
2026-09-22,1530,ORCL,bull_put,152.5,150.0,2.5,2026-09-25,3,150.2,1.505,1.4715,0.5886,1.0227658851512065,0.5683,0.3964497041420118,0.4950690335305719,0.1084812623274161,0.002025242309816,0.0020272944981818,0.1224263274144926,0.001242340170082,0.0001073640682088,137.1,put,4.25,4.45,2.75,2.94,1.505,0.3900000000000001,0.15600000000000006,True,15:30,1.0,-96.96000000000001,book fix
2026-09-22,1530,QCOM,bull_put,197.5,195.0,2.5,2026-09-25,3,196.45,1.3,1.2829,0.51316,1.0133291760854315,0.6343,0.4280078895463511,0.4437869822485207,0.1282051282051282,2.765320239928818e-05,2.765358475254054e-05,0.1677699239460142,1.413530645160678e-05,4.932580530673374e-07,201.97,put,5.0,5.3,3.7,4.0,1.3000000000000003,0.5999999999999996,0.23999999999999985,True,15:30,5.0,133.42000000000002,book fix
2026-09-23,1530,CRM,bull_put,240.0,237.5,2.5,2026-09-25,2,238.99,1.28,1.2326,0.49304,1.038455297744605,0.4325,0.4556213017751479,0.4319526627218935,0.1124260355029585,5.355584562568606e-05,5.3557279765525934e-05,0.1088443185969805,3.465265882991841e-05,3.929405274007517e-06,234.02,put,3.45,3.8,2.25,2.44,1.2800000000000002,0.5399999999999996,0.21599999999999983,True,15:30,5.0,-121.81,book fix
2026-09-23,1530,EOG,bull_put,142.0,141.0,1.0,2026-09-25,2,141.65,0.575,0.4966,0.4966,1.1578735400724929,0.3926,0.4792899408284023,0.388560157790927,0.1321499013806706,0.0040670553812529,0.0040753370745523,0.1544365646307015,0.0021972513710141,0.0001001061565873,140.35,put,1.5,2.05,1.05,1.35,0.5749999999999997,0.8499999999999999,0.8499999999999999,True,15:30,2.0,-48.35,book fix
2026-09-23,1530,FCX,bull_put,73.0,72.0,1.0,2026-09-25,2,72.59,0.7,0.4932,0.4932,1.4193025141930249,0.5268,0.4516765285996055,0.4201183431952662,0.1282051282051282,0.000185053187703,0.0001850703111003,0.0975865523431218,0.0001252597527878,1.7790392362121835e-05,72.31,put,1.21,1.63,0.51,0.93,0.7,0.84,0.84,True,15:30,3.0,-17.71,book fix
2026-09-23,1530,NOW,bull_put,142.0,141.0,1.0,2026-09-25,2,140.83,0.57,0.5567,0.5567,1.023890784982935,0.5982,0.3964497041420118,0.5384615384615384,0.0650887573964497,-0.0004640712803581,-0.0004639636159368,0.2194553494429627,-0.0001928638958823,-2.3937896758841154e-06,135.62,put,3.05,3.45,2.53,2.83,0.5700000000000003,0.7000000000000006,0.7000000000000006,True,15:30,6.0,-42.1,book fix
2026-09-23,1530,PYPL,bull_put,53.0,52.0,1.0,2026-09-25,2,52.675,0.53,0.4869,0.4869,1.088519203121791,0.4056,0.368836291913215,0.2978303747534517,0.3333333333333333,0.00151104071892,0.0015121829161768,0.0188256727936624,0.0014024932640307,0.0009624608390972,55.04,put,0.73,0.98,0.27,0.38,0.53,0.36,0.36,True,15:30,1.0,50.63999999999999,book fix
2026-09-23,1530,TSLA,bull_put,382.5,380.0,2.5,2026-09-25,2,379.74,1.425,1.4123,0.5649200000000001,1.0089924237060115,0.4371,0.4280078895463511,0.5069033530571992,0.0650887573964497,0.0009786927412823,0.0009791718173,0.188882661621565,0.0004599769978254,1.0522578176273983e-05,372.11,put,6.3,6.45,4.9,5.0,1.4249999999999998,0.25,0.1,True,15:30,4.0,-103.11999999999999,book fix
2026-09-24,1530,AXP,bull_put,305.0,302.5,2.5,2026-09-25,1,304.205,1.19,1.1343,0.45372,1.0491051749977958,0.2848,0.4280078895463511,0.3136094674556213,0.2583826429980276,0.0003261563532523,0.0003262095480189,0.0375715951699855,0.0002806907640427,0.0001323992099213,308.89,put,1.76,2.7,0.88,1.2,1.19,1.2600000000000002,0.5040000000000001,True,15:30,1.0,117.97,book fix
2026-09-24,1530,NOW,bull_put,139.0,138.0,1.0,2026-09-25,1,138.38,0.65,0.5239,0.5239,1.2406947890818858,0.5542,0.408284023668639,0.4674556213017751,0.1242603550295858,-0.000229871621476,-0.0002298452030191,0.1515442693916716,-0.000125364936319,-6.051726399252385e-06,135.62,put,1.89,2.25,1.37,1.47,0.6499999999999999,0.45999999999999996,0.45999999999999996,True,15:30,4.0,-45.51,book fix
2026-09-24,1530,TJX,bull_put,132.0,131.0,1.0,2026-09-25,1,131.55,0.55,0.4975,0.4975,1.105527638190955,0.3326,0.3648915187376725,0.3372781065088757,0.2978303747534517,0.0003642647695412,0.0003643311220087,0.0647048362852553,0.000281249952559,7.710337540125913e-05,130.06,put,0.65,1.3,0.25,0.6,0.55,1.0,1.0,True,15:30,2.0,-48.260000000000005,book fix
2026-09-24,1530,TSLA,bull_put,380.0,377.5,2.5,2026-09-25,1,379.725,1.165,1.1604,0.46416,1.0039641502930023,0.4296,0.4950690335305719,0.4240631163708087,0.0808678500986193,-4.6120877618321954e-05,-4.6119814066991616e-05,0.1301247338145603,-2.7405500149416507e-05,-2.0304329625128065e-06,372.11,put,3.5,3.6,2.37,2.4,1.165,0.1299999999999999,0.051999999999999956,True,15:30,3.0,-129.32,book fix
2026-09-24,1545,AVGO,bull_put,350.0,347.5,2.5,2026-09-25,1,349.56,1.245,1.135,0.454,1.0969162995594717,0.334,0.4556213017751479,0.4161735700197239,0.1282051282051282,-0.0005179058049789,-0.0005177717149171,0.0793607194442758,-0.000376942087862,-7.708256912836487e-05,352.81,put,2.09,3.15,1.26,1.49,1.245,1.29,0.516,True,15:45,4.0,118.03999999999999,book fix
2026-09-24,1545,INTC,bull_put,128.0,127.0,1.0,2026-09-25,1,127.375,0.545,0.5317,0.5317,1.0250141056987023,0.7648,0.388560157790927,0.5305719921104537,0.0808678500986193,-0.0009456361525461,-0.0009451891795819,0.1857797510334516,-0.0004495585464437,-1.0942683645212345e-05,123.0,put,2.38,2.46,1.85,1.9,0.5449999999999999,0.1299999999999999,0.1299999999999999,True,15:45,3.0,-44.699999999999996,book fix
