k,overlap_k4,IS_final,IS_dsh,IS_dd,IS_yield,IS_fullloss,OOT_final,OOT_dsh,OOT_dd,OOT_yield,OOT_fullloss
0.0,96.6,93541.94,1.63,-29.55,10.97,39.7,26505.97,3.41,-22.53,14.2,39.7
2.0,98.2,97294.96,1.71,-26.75,11.46,39.5,26444.2,3.4,-19.4,14.11,39.7
4.0,100.0,97492.42,1.71,-26.23,11.47,39.3,27571.31,3.47,-19.48,15.02,39.4
6.0,98.4,98415.62,1.73,-24.45,11.55,39.3,26800.19,3.33,-17.15,14.34,39.5
8.0,97.1,98255.65,1.71,-25.03,11.52,39.2,25236.08,3.03,-15.19,12.96,39.6
10.0,95.8,97504.25,1.7,-24.81,11.39,39.1,25055.3,3.0,-15.18,12.82,39.6
12.0,94.7,99485.24,1.73,-25.1,11.64,39.1,23570.68,2.79,-15.18,11.54,39.7
16.0,92.4,103897.0,1.82,-23.71,12.15,38.9,24104.68,2.78,-14.74,11.9,39.1
20.0,90.6,102068.37,1.78,-22.75,11.88,39.0,24902.71,3.06,-10.0,12.52,38.7
24.0,89.2,105212.24,1.87,-20.69,12.26,38.8,27169.01,3.51,-9.29,14.39,38.0
28.0,87.9,106382.56,1.89,-19.04,12.41,38.7,27580.56,3.72,-9.29,14.76,37.9
32.0,86.8,103062.47,1.84,-20.12,11.99,38.8,27368.72,3.64,-9.29,14.54,37.6
40.0,84.7,99040.08,1.75,-21.33,11.48,38.8,27081.69,3.53,-9.29,14.35,37.9
48.0,83.3,101430.1,1.8,-21.99,11.76,38.6,26683.03,3.26,-9.29,13.96,38.1
64.0,81.5,104602.68,1.87,-21.1,12.17,38.4,27468.03,3.37,-9.18,14.53,37.7
