thr,qty,win,n,final,sh_dollar,max_dd,wagered,yield_pct
0.0005,2,IS,6331,109837.14,1.67,-29.87,933863.5,9.62
0.0005,2,OOT,1023,37040.72,3.08,-7.1,154347.38,11.04
0.003,2,IS,3198,72684.99,1.66,-17.61,454001.98,11.6
0.003,2,OOT,547,34691.5,3.65,-3.5,76618.16,19.17
0.003,4,IS,3198,125369.98,1.66,-30.58,908003.96,11.6
0.003,4,OOT,547,49383.0,3.65,-4.84,153236.32,19.17
0.0025,4,IS,3535,133207.92,1.65,-39.31,1010310.08,11.21
0.0025,4,OOT,600,47196.54,3.33,-7.88,169486.72,16.05
0.0035,4,IS,2954,116806.46,1.6,-24.91,834420.32,11.6
0.0035,4,OOT,493,43017.76,2.93,-7.0,136748.6,16.83
