thr,win,n,final,sh_dollar,max_dd,yield_pct,loss_pct
0.0005,IS,6331,109837.14,1.67,-29.87,9.62,36.8
0.0005,OOT,1023,37040.72,3.08,-7.1,11.04,37.4
0.0015,IS,4486,86294.14,1.66,-26.76,10.2,36.6
0.0015,OOT,775,35620.4,3.38,-4.46,13.79,36.1
0.002,IS,3952,78402.91,1.57,-26.63,10.28,36.6
0.002,OOT,673,34193.52,3.38,-5.86,14.65,36.3
0.0025,IS,3535,76603.96,1.65,-23.11,11.21,36.4
0.0025,OOT,600,33598.27,3.33,-5.67,16.05,35.7
0.003,IS,3198,72684.99,1.66,-17.61,11.6,36.0
0.003,OOT,547,34691.5,3.65,-3.5,19.17,35.3
0.0035,IS,2954,68403.23,1.6,-14.37,11.6,36.0
0.0035,OOT,493,31508.88,2.93,-4.89,16.83,36.3
0.004,IS,2745,59896.65,1.34,-16.83,10.39,36.5
0.004,OOT,464,29086.7,2.26,-6.25,14.09,37.1
0.0045,IS,2532,58446.2,1.33,-19.71,10.85,36.2
0.0045,OOT,432,28744.83,2.22,-5.07,14.75,37.3
0.005,IS,2368,53309.82,1.16,-17.85,10.18,36.3
0.005,OOT,400,27914.17,1.95,-6.14,14.46,37.8
