name,rule,is_n,is_pnl,is_fw,is_prof,oot_n,oot_pnl,oot_fw,oot_prof,d_is_n,d_is_pnl,d_is_fw,d_is_prof,d_oot_n,d_oot_pnl,d_oot_fw,d_oot_prof
avg_gex_parity_balance_wf,veto0.03,4553,32850.47499999996,0.44278497693828245,0.5332747638919394,591,4676.024999999992,0.428087986463621,0.5296108291032149,-10,207.38499999999476,0.0018469975387646054,0.0013878473896382637,-2,84.69000000000051,0.0031301449796412584,0.0034725491706685263
avg_gex_parity_balance_wf,veto0.05,4538,33320.11499999997,0.44424856765094756,0.5341560158660202,590,4652.814999999991,0.4288135593220339,0.5305084745762711,-25,677.0250000000015,0.0033105882514297136,0.002269099363719107,-3,61.47999999999956,0.0038557178380541623,0.00437019464372479
avg_gex_parity_balance_wf,veto0.075,4526,34633.88999999997,0.44741493592576226,0.5368979231109147,590,4530.054999999991,0.42542372881355933,0.5288135593220339,-37,1990.800000000003,0.006476956526244415,0.005011006608613533,-3,-61.280000000000655,0.000465887329579584,0.002675279389487528
avg_gex_parity_balance_wf,veto0.1,4501,33525.83999999996,0.4456787380582093,0.5352143968007109,589,4213.0249999999905,0.4244482173174873,0.5280135823429541,-62,882.7499999999927,0.004740758658691446,0.0033274802984097906,-4,-378.3100000000013,-0.0005096241664924728,0.0018753024104077864
avg_gex_parity_balance_wf,veto0.125,4469,33789.664999999964,0.44618482882076527,0.5354665473260237,588,3759.9699999999884,0.4166666666666667,0.5204081632653061,-94,1146.574999999997,0.005246849421247424,0.0035796308237225904,-5,-831.3650000000034,-0.008291174817313063,-0.005730116667240215
avg_gex_parity_balance_wf,veto0.15,4445,34858.83999999995,0.4483689538807649,0.5379077615298088,585,4066.0899999999897,0.4205128205128205,0.5230769230769231,-118,2215.7499999999854,0.007430974481247077,0.00602084502750766,-8,-525.2450000000022,-0.00444502097115923,-0.003061356855623254
avg_gex_parity_balance_wf,veto0.175,4415,33742.25499999996,0.44620611551528877,0.5352208380520951,583,4188.25499999999,0.4236706689536878,0.5231560891938251,-148,1099.1649999999936,0.005268136115770927,0.00333392154979395,-10,-403.08000000000175,-0.0012871725302919246,-0.002982190738721302
avg_gex_parity_balance_wf,veto0.2,4378,33369.01999999998,0.4467793513019644,0.535175879396985,583,4562.384999999992,0.42710120068610635,0.5248713550600344,-185,725.9300000000148,0.005841371902446546,0.0032889628946838334,-10,-28.949999999999818,0.0021433592021266046,-0.0012669248725120097
avg_gex_parity_balance_wf,veto0.225,4340,33746.374999999985,0.4483870967741935,0.5370967741935484,580,4097.654999999993,0.4241379310344828,0.5189655172413793,-223,1103.285000000018,0.0074491173746756845,0.005209857691247266,-13,-493.6799999999985,-0.0008199104494969744,-0.007172762691167067
avg_gex_parity_balance_wf,veto0.25,4308,34327.03499999999,0.44986072423398327,0.5396935933147632,579,3349.0649999999937,0.41450777202072536,0.5112262521588946,-255,1683.9450000000215,0.008922744834465424,0.0078066768124620545,-14,-1242.2699999999982,-0.010450069463254386,-0.014912027773651748
avg_gex_parity_balance_wf,tilt0.05,4563,32254.189999999973,0.44049967126890205,0.5316677624369932,593,4662.644999999992,0.42495784148397975,0.5261382799325464,0,-388.8999999999942,-0.0004383081306157943,-0.00021915406530792492,0,71.3100000000004,0.0,0.0
avg_gex_parity_balance_wf,tilt0.1,4563,32198.774999999972,0.44093797939951784,0.5321060705676091,593,4746.344999999992,0.42495784148397975,0.5261382799325464,0,-444.31499999999505,0.0,0.00021915406530792492,0,155.01000000000022,0.0,0.0
avg_gex_parity_balance_wf,tilt0.2,4563,33018.949999999975,0.4418145956607495,0.5329826868288406,593,4869.894999999993,0.42495784148397975,0.5261382799325464,0,375.86000000000786,0.0008766162612316442,0.0010957703265395136,0,278.5600000000013,0.0,0.0
avg_gex_parity_balance_wf,tilt0.5,4563,32974.96499999998,0.4413762875301337,0.5342976112206882,593,4487.684999999991,0.418212478920742,0.5193929173693086,0,331.87500000001455,0.00043830813061584983,0.002410694718387063,0,-103.65000000000055,-0.006745362563237767,-0.006745362563237767
avg_gex_parity_balance_wf,tilt1.0,4563,33652.069999999985,0.4418145956607495,0.5362699978084593,593,4061.3449999999884,0.4148397976391231,0.5160202360876898,0,1008.9800000000178,0.0008766162612316442,0.004383081306158165,0,-529.9900000000034,-0.01011804384485665,-0.010118043844856595
min_gex_parity_balance_wf,veto0.03,4362,37534.58499999997,0.4569005043558001,0.5437872535534158,583,3794.569999999988,0.42710120068610635,0.5248713550600344,-201,4891.495000000003,0.015962524956282254,0.011900337051114707,-10,-796.765000000004,0.0021433592021266046,-0.0012669248725120097
min_gex_parity_balance_wf,veto0.05,4271,38233.989999999976,0.45844064621868413,0.5476469210957621,579,3196.3699999999894,0.4283246977547496,0.5215889464594128,-292,5590.900000000009,0.01750266681916629,0.01576000459346094,-14,-1394.9650000000024,0.0033668562707698246,-0.004549333473133577
min_gex_parity_balance_wf,veto0.075,4180,37649.30499999998,0.4605263157894737,0.5495215311004785,570,3279.969999999993,0.4298245614035088,0.519298245614035,-383,5006.215000000011,0.01958833638995583,0.01763461459817739,-23,-1311.3649999999989,0.004866719919529028,-0.006840034318511323
min_gex_parity_balance_wf,veto0.1,4082,35815.30999999998,0.45933365997060266,0.5475257226849584,564,3842.729999999994,0.43617021276595747,0.5230496453900709,-481,3172.2200000000157,0.018395680571084816,0.015638806182657228,-29,-748.6049999999977,0.011212371281977718,-0.0030886345424754325
min_gex_parity_balance_wf,veto0.125,3982,35207.975,0.4580612757408338,0.5457056755399297,556,4644.4599999999955,0.4352517985611511,0.5269784172661871,-581,2564.885000000031,0.01712329634131593,0.013818759037628525,-37,53.12500000000364,0.010293957077171345,0.0008401373336407447
min_gex_parity_balance_wf,veto0.15,3885,33523.70999999999,0.45714285714285713,0.5438867438867439,544,5029.979999999999,0.44485294117647056,0.5349264705882353,-678,880.6200000000244,0.016204877743339285,0.011999827384442718,-49,438.6450000000068,0.019895099692490814,0.008788190655688921
min_gex_parity_balance_wf,veto0.175,3786,32747.26,0.45800316957210774,0.5438457474907554,538,4713.909999999999,0.43866171003717475,0.5315985130111525,-777,104.170000000031,0.017065190172589895,0.011958830988454294,-55,122.5750000000071,0.013703868553194998,0.005460233078606103
min_gex_parity_balance_wf,veto0.2,3685,32389.144999999997,0.458887381275441,0.5451831750339213,529,4629.090000000001,0.44045368620037806,0.5274102079395085,-878,-253.9449999999706,0.017949401875923143,0.013296258531620198,-64,37.755000000009204,0.01549584471639831,0.0012719280069621863
min_gex_parity_balance_wf,veto0.225,3572,31417.245000000003,0.4585666293393057,0.5453527435610303,522,4467.4200000000055,0.4367816091954023,0.5229885057471264,-991,-1225.8449999999648,0.017628649939787855,0.013465827058729118,-71,-123.91499999998632,0.011823767711422573,-0.0031497741854199512
min_gex_parity_balance_wf,veto0.25,3457,31026.714999999993,0.4602256291582297,0.544691929418571,510,5371.845000000004,0.44313725490196076,0.5313725490196078,-1106,-1616.3749999999745,0.019287649758711833,0.012805012916269898,-83,780.510000000012,0.018179413417981016,0.005234269087061483
min_gex_parity_balance_wf,tilt0.05,4563,32303.45499999998,0.44049967126890205,0.5316677624369932,593,4347.2449999999935,0.42327150084317033,0.524451939291737,0,-339.6349999999875,-0.0004383081306157943,-0.00021915406530792492,0,-244.08999999999833,-0.001686340640809414,-0.001686340640809414
min_gex_parity_balance_wf,tilt0.1,4563,31837.024999999972,0.4400613631382862,0.5312294543063774,593,4418.554999999993,0.42327150084317033,0.524451939291737,0,-806.064999999995,-0.0008766162612316442,-0.0006574621959237748,0,-172.77999999999884,-0.001686340640809414,-0.001686340640809414
min_gex_parity_balance_wf,tilt0.2,4563,32631.794999999976,0.44225290379136534,0.5325443786982249,593,4174.419999999993,0.42327150084317033,0.5227655986509275,0,-11.294999999990978,0.001314924391847494,0.0006574621959237748,0,-416.91499999999905,-0.001686340640809414,-0.003372681281618828
min_gex_parity_balance_wf,tilt0.5,4563,31707.399999999987,0.4400613631382862,0.5327635327635327,593,4695.40499999999,0.42327150084317033,0.524451939291737,0,-935.6899999999805,-0.0008766162612316442,0.0008766162612315886,0,104.06999999999789,-0.001686340640809414,-0.001686340640809414
min_gex_parity_balance_wf,tilt1.0,4563,32554.44499999998,0.44115713346482577,0.534516765285996,593,4966.249999999987,0.42495784148397975,0.5261382799325464,0,-88.64499999998588,0.00021915406530792492,0.002629848783694877,0,374.9149999999954,0.0,0.0
w80gex_parity_balance_wf,veto0.03,4544,33242.45499999996,0.4434419014084507,0.5334507042253521,593,4704.074999999992,0.4266441821247892,0.5295109612141653,-19,599.3649999999907,0.0025039220089328462,0.0015637877230509911,0,112.73999999999978,0.0016863406408094694,0.003372681281618939
w80gex_parity_balance_wf,veto0.05,4535,32789.68499999997,0.4429988974641676,0.5323042998897464,591,4803.674999999992,0.42978003384094754,0.5329949238578681,-28,146.59500000000116,0.0020609180646497527,0.00041738338744523595,-2,212.34000000000015,0.004822192356967792,0.006856643925321704
w80gex_parity_balance_wf,veto0.075,4524,33302.524999999965,0.4442970822281167,0.5329354553492485,590,4855.904999999992,0.4288135593220339,0.5322033898305085,-39,659.4349999999977,0.003359102828598859,0.0010485388469473333,-3,264.5699999999997,0.0038557178380541623,0.006065109897962162
w80gex_parity_balance_wf,veto0.1,4495,34247.63999999997,0.4456062291434928,0.535706340378198,588,4806.534999999991,0.4268707482993197,0.5306122448979592,-68,1604.550000000003,0.00466824974397495,0.0038194238758968435,-5,215.1999999999989,0.0019129068153399542,0.004473964965412858
w80gex_parity_balance_wf,veto0.125,4459,33008.87999999996,0.44583987441130296,0.5355460865664947,586,4614.419999999991,0.4249146757679181,0.5273037542662116,-104,365.7899999999936,0.004901895011785118,0.0036591700641935843,-7,23.084999999999127,-4.316571606166608e-05,0.0011654743336652063
w80gex_parity_balance_wf,veto0.15,4423,32698.32499999996,0.4458512321953425,0.5367397693872937,584,4430.36999999999,0.4229452054794521,0.5256849315068494,-140,55.234999999993306,0.004913252795824663,0.004852852884992598,-9,-160.96500000000196,-0.002012636004527668,-0.00045334842569699774
w80gex_parity_balance_wf,veto0.175,4365,33081.779999999984,0.44673539518900346,0.5392898052691867,582,4029.469999999989,0.41580756013745707,0.520618556701031,-198,438.6900000000169,0.005797415789485616,0.007402888766885551,-11,-561.865000000003,-0.009150281346522682,-0.005519723231515394
w80gex_parity_balance_wf,veto0.2,4313,34567.09499999999,0.44933920704845814,0.5411546487363784,575,3968.1049999999905,0.41739130434782606,0.5217391304347826,-250,1924.0050000000192,0.008401227648940301,0.009267732234077286,-18,-623.2300000000014,-0.007566537136153684,-0.004399149497763766
w80gex_parity_balance_wf,veto0.225,4254,34161.14499999999,0.44804889515749885,0.5401974612129761,571,4164.174999999994,0.4220665499124343,0.5236427320490368,-309,1518.0550000000221,0.007110915757981007,0.008310544710674939,-22,-427.15999999999804,-0.00289129157154544,-0.0024955478835095857
w80gex_parity_balance_wf,veto0.25,4190,34350.994999999995,0.4486873508353222,0.5400954653937947,566,3768.4499999999953,0.4204946996466431,0.5141342756183745,-373,1707.905000000028,0.007749371435804342,0.008208548891493583,-27,-822.8849999999966,-0.004463141837336648,-0.012004004314171812
w80gex_parity_balance_wf,tilt0.05,4563,32008.19999999997,0.44049967126890205,0.5321060705676091,593,4452.0749999999925,0.42327150084317033,0.524451939291737,0,-634.8899999999958,-0.0004383081306157943,0.00021915406530792492,0,-139.2599999999993,-0.001686340640809414,-0.001686340640809414
w80gex_parity_balance_wf,tilt0.1,4563,32244.33499999997,0.44049967126890205,0.532325224632917,593,4300.914999999993,0.42158516020236086,0.5227655986509275,0,-398.7549999999974,-0.0004383081306157943,0.00043830813061584983,0,-290.41999999999916,-0.0033726812816188834,-0.003372681281618828
w80gex_parity_balance_wf,tilt0.2,4563,33099.119999999966,0.4413762875301337,0.5332018408941486,593,4156.309999999994,0.418212478920742,0.521079258010118,0,456.02999999999884,0.00043830813061584983,0.0013149243918474385,0,-435.0249999999978,-0.006745362563237767,-0.005059021922428353
w80gex_parity_balance_wf,tilt0.5,4563,33589.649999999965,0.44049967126890205,0.5336401490247644,593,4192.669999999993,0.4148397976391231,0.5160202360876898,0,946.5599999999977,-0.0004383081306157943,0.0017532325224632883,0,-398.66499999999905,-0.01011804384485665,-0.010118043844856595
w80gex_parity_balance_wf,tilt1.0,4563,36496.48999999997,0.4440061363138286,0.5380232303309226,593,3465.139999999989,0.40640809443507586,0.5126475548060708,0,3853.4000000000015,0.0030681569143107823,0.006136313828621454,0,-1126.195000000003,-0.018549747048903886,-0.013490725126475533
w20gex_parity_balance_wf,veto0.03,4549,33538.96499999997,0.4449329522972082,0.5361617938008354,590,4797.514999999991,0.43050847457627117,0.5322033898305085,-14,895.875,0.003994972897690352,0.004274877298534263,-3,206.17999999999938,0.005550633092291424,0.006065109897962162
w20gex_parity_balance_wf,veto0.05,4527,34153.954999999965,0.446432516015021,0.5370002208968412,590,4325.784999999992,0.423728813559322,0.5271186440677966,-36,1510.864999999998,0.005494536615503143,0.0051133043945400525,-3,-265.5500000000002,-0.001229027924657733,0.0009803641352502668
w20gex_parity_balance_wf,veto0.075,4491,35102.38999999996,0.4480071253618348,0.5379648185259408,588,3845.859999999991,0.4200680272108844,0.5204081632653061,-72,2459.2999999999956,0.007069145962316947,0.00607790202363967,-5,-745.4750000000008,-0.004889814273095372,-0.005730116667240215
w20gex_parity_balance_wf,veto0.1,4442,34032.71499999997,0.44867176947321025,0.5366951823502927,587,3389.8049999999917,0.41737649063032367,0.514480408858603,-121,1389.625,0.007733790073692404,0.004808265847991544,-6,-1201.5300000000002,-0.007581350853656077,-0.011657871073943338
w20gex_parity_balance_wf,veto0.125,4406,34276.20999999998,0.44916023604176125,0.5367680435769405,586,3282.9599999999928,0.41638225255972694,0.5102389078498294,-157,1633.12000000001,0.008222256642243408,0.004881127074639391,-7,-1308.374999999999,-0.008575588924252808,-0.015899372082716967
w20gex_parity_balance_wf,veto0.15,4357,34710.24499999998,0.4503098462244664,0.5386733991278403,583,3328.8699999999926,0.4202401372212693,0.5145797598627787,-206,2067.1550000000134,0.00937186682494856,0.006786482625539159,-10,-1262.4649999999992,-0.004717704262710454,-0.011558520069767653
w20gex_parity_balance_wf,veto0.175,4293,35282.88999999998,0.4537619380386676,0.5406475658047986,582,3301.809999999992,0.4209621993127148,0.5137457044673539,-270,2639.80000000001,0.012823958639149757,0.008760649302497425,-11,-1289.5249999999996,-0.003995642171264968,-0.012392575465192457
w20gex_parity_balance_wf,veto0.2,4224,35986.02499999999,0.4564393939393939,0.5445075757575758,578,3576.1899999999932,0.4204152249134948,0.5155709342560554,-339,3342.9350000000195,0.01550141453987608,0.012620659255274669,-15,-1015.1449999999986,-0.004542616570484936,-0.01056734567649098
w20gex_parity_balance_wf,veto0.225,4169,37012.07499999999,0.4600623650755577,0.5480930678819861,574,3621.969999999994,0.42334494773519166,0.5174216027874564,-394,4368.985000000022,0.019124385676039857,0.016206151379684952,-19,-969.364999999998,-0.0016128937487880912,-0.008716677145089946
w20gex_parity_balance_wf,veto0.25,4104,35501.81499999999,0.4580896686159844,0.5460526315789473,574,3609.5549999999944,0.4250871080139373,0.5139372822299652,-459,2858.7250000000204,0.017151689216466537,0.014165715076646213,-19,-981.7799999999975,0.00012926652995753907,-0.012200997702581207
w20gex_parity_balance_wf,tilt0.05,4563,32762.454999999973,0.44071882533421,0.532325224632917,593,4591.334999999993,0.42495784148397975,0.5261382799325464,0,119.36500000000524,-0.0002191540653078694,0.00043830813061584983,0,9.094947017729282e-13,0.0,0.0
w20gex_parity_balance_wf,tilt0.1,4563,32587.994999999974,0.44071882533421,0.5318869165023011,593,4744.134999999993,0.42495784148397975,0.5261382799325464,0,-55.09499999999389,-0.0002191540653078694,0.0,0,152.8000000000011,0.0,0.0
w20gex_parity_balance_wf,tilt0.2,4563,32742.59999999997,0.44225290379136534,0.5329826868288406,593,4675.9049999999925,0.42495784148397975,0.5261382799325464,0,99.51000000000204,0.001314924391847494,0.0010957703265395136,0,84.57000000000062,0.0,0.0
w20gex_parity_balance_wf,tilt0.5,4563,32331.419999999984,0.44225290379136534,0.534516765285996,593,4185.569999999991,0.41989881956155145,0.521079258010118,0,-311.6699999999837,0.001314924391847494,0.002629848783694877,0,-405.76500000000124,-0.005059021922428297,-0.005059021922428353
w20gex_parity_balance_wf,tilt1.0,4563,32691.28999999998,0.4415954415954416,0.534516765285996,593,4736.069999999989,0.42327150084317033,0.521079258010118,0,48.20000000001164,0.0006574621959237748,0.002629848783694877,0,144.73499999999694,-0.001686340640809414,-0.005059021922428353
avg_gex_parity_balance_chg_wf,veto0.03,4563,32731.539999999968,0.44093797939951784,0.5318869165023011,593,4585.524999999992,0.42495784148397975,0.5261382799325464,0,88.45000000000073,0.0,0.0,0,-5.809999999999491,0.0,0.0
avg_gex_parity_balance_chg_wf,veto0.05,4559,32454.719999999965,0.44066681289756526,0.5316955472691379,592,4506.494999999993,0.4239864864864865,0.5253378378378378,-4,-188.37000000000262,-0.00027116650195257996,-0.00019136923316320775,-1,-84.83999999999924,-0.0009713549974932345,-0.0008004420947085311
avg_gex_parity_balance_chg_wf,veto0.075,4557,33236.55999999997,0.4421768707482993,0.5328066710555189,591,4466.934999999992,0.42470389170896783,0.5262267343485617,-6,593.4700000000012,0.001238891348781468,0.0009197545532177998,-2,-124.39999999999964,-0.00025394977501191907,8.845441601534887e-05
avg_gex_parity_balance_chg_wf,veto0.1,4552,33745.86499999997,0.44266256590509667,0.5342706502636204,591,4409.014999999991,0.4213197969543147,0.5245346869712352,-11,1102.7750000000015,0.001724586505578829,0.0023837337613192844,-2,-182.32000000000062,-0.003638044529665041,-0.0016035929613111843
avg_gex_parity_balance_chg_wf,veto0.125,4541,33754.144999999975,0.4424135652939881,0.5342435586875137,591,4150.50499999999,0.4179357021996616,0.5211505922165821,-22,1111.0550000000076,0.001475585894470277,0.0023566421852125874,-2,-440.83000000000175,-0.007022139284318163,-0.004987687715964251
avg_gex_parity_balance_chg_wf,veto0.15,4530,34191.92999999997,0.4434878587196468,0.5350993377483444,591,3827.03999999999,0.4128595600676819,0.5177664974619289,-33,1548.8400000000038,0.002549879320128956,0.003212421246043262,-2,-764.2950000000019,-0.012098281416297874,-0.008371782470617428
avg_gex_parity_balance_chg_wf,veto0.175,4514,33257.269999999975,0.4428444838280904,0.5341160832964111,589,3618.229999999991,0.4142614601018676,0.5161290322580645,-49,614.1800000000076,0.0019065044285725419,0.0022291667941100046,-4,-973.1050000000009,-0.010696381382112152,-0.010009247674481858
avg_gex_parity_balance_chg_wf,veto0.2,4500,33318.684999999976,0.4428888888888889,0.534,588,3075.3999999999896,0.41156462585034015,0.5102040816326531,-63,675.5950000000084,0.0019509094893710444,0.0021130834976988977,-5,-1515.9350000000022,-0.013393215633639599,-0.015934198299893287
avg_gex_parity_balance_chg_wf,veto0.225,4479,34115.629999999976,0.44496539406117436,0.5351640991292699,586,2676.1699999999905,0.40955631399317405,0.5068259385665529,-84,1472.5400000000081,0.004027414661656514,0.0032771826269687443,-7,-1915.1650000000013,-0.0154015274908057,-0.01931234136599347
avg_gex_parity_balance_chg_wf,veto0.25,4465,34065.13499999997,0.44479283314669654,0.53505039193729,583,3278.929999999995,0.41680960548885077,0.5111492281303602,-98,1422.0450000000055,0.0038548537471786992,0.0031634754349888494,-10,-1312.404999999997,-0.008148235995128983,-0.014989051802186126
avg_gex_parity_balance_chg_wf,tilt0.05,4563,32392.049999999974,0.44071882533421,0.5325443786982249,593,4314.014999999992,0.42327150084317033,0.5227655986509275,0,-251.0399999999936,-0.0002191540653078694,0.0006574621959237748,0,-277.3199999999997,-0.001686340640809414,-0.003372681281618828
avg_gex_parity_balance_chg_wf,tilt0.1,4563,32592.219999999972,0.44071882533421,0.5325443786982249,593,4069.9249999999925,0.42158516020236086,0.521079258010118,0,-50.86999999999534,-0.0002191540653078694,0.0006574621959237748,0,-521.4099999999994,-0.0033726812816188834,-0.005059021922428353
avg_gex_parity_balance_chg_wf,tilt0.2,4563,32991.27999999997,0.4413762875301337,0.5334209949594565,593,4262.294999999993,0.42158516020236086,0.521079258010118,0,348.1900000000023,0.00043830813061584983,0.0015340784571553634,0,-329.03999999999905,-0.0033726812816188834,-0.005059021922428353
avg_gex_parity_balance_chg_wf,tilt0.5,4563,33959.26499999997,0.44071882533421,0.5329826868288406,593,3889.5199999999913,0.41652613827993257,0.5160202360876898,0,1316.175000000003,-0.0002191540653078694,0.0010957703265395136,0,-701.8150000000005,-0.00843170320404718,-0.010118043844856595
avg_gex_parity_balance_chg_wf,tilt1.0,4563,35793.87999999997,0.44225290379136534,0.5353933815472277,593,3338.259999999991,0.40809443507588533,0.5075885328836425,0,3150.790000000001,0.001314924391847494,0.0035064650449265766,0,-1253.0750000000007,-0.016863406408094417,-0.018549747048903886
min_gex_parity_balance_chg_wf,veto0.03,4472,33749.84999999998,0.44432021466905186,0.5326475849731663,586,4321.3999999999905,0.4232081911262799,0.5255972696245734,-91,1106.7600000000093,0.0033822352695340174,0.0007606684708652001,-7,-269.9350000000013,-0.0017496503576998612,-0.0005410103079729334
min_gex_parity_balance_chg_wf,veto0.05,4433,35293.49999999998,0.44687570494022105,0.536431310624859,579,4312.44499999999,0.4265975820379965,0.5267702936096719,-130,2650.4100000000108,0.005937725540703209,0.004544394122557915,-14,-278.89000000000215,0.0016397405540167775,0.0006320136771255092
min_gex_parity_balance_chg_wf,veto0.075,4389,36533.49499999997,0.45021645021645024,0.5413533834586466,574,3640.2749999999915,0.41986062717770034,0.5174216027874564,-174,3890.405000000006,0.009278470816932394,0.009466466956345454,-19,-951.0600000000004,-0.005097214306279407,-0.008716677145089946
min_gex_parity_balance_chg_wf,veto0.1,4313,35059.28999999997,0.44933920704845814,0.5409227915603988,569,3956.2399999999934,0.4200351493848858,0.5149384885764499,-250,2416.2000000000044,0.008401227648940301,0.009035875058097664,-24,-635.0949999999984,-0.0049226920990939615,-0.0111997913560965
min_gex_parity_balance_chg_wf,veto0.125,4235,34896.19999999998,0.44958677685950416,0.540495867768595,562,4237.354999999995,0.4288256227758007,0.5213523131672598,-328,2253.110000000015,0.008648797459986313,0.008608951266293907,-31,-353.97999999999683,0.003867781291820971,-0.004785966765286531
min_gex_parity_balance_chg_wf,veto0.15,4161,36282.79999999999,0.4482095650084114,0.540254746455179,553,4823.234999999997,0.43399638336347196,0.5280289330922242,-402,3639.710000000021,0.0072715856088935715,0.008367829952877881,-40,231.9000000000051,0.009038541879492212,0.0018906531596778464
min_gex_parity_balance_chg_wf,veto0.175,4088,37367.31499999999,0.449853228962818,0.5415851272015656,549,4833.205,0.4335154826958106,0.5264116575591985,-475,4724.22500000002,0.008915249563300143,0.009698210699264465,-44,241.87000000000808,0.008557641211830835,0.00027337762665213816
min_gex_parity_balance_chg_wf,veto0.2,4009,38116.249999999985,0.45223247692691443,0.5437765028685457,541,4856.369999999997,0.43068391866913125,0.5249537892791127,-554,5473.160000000018,0.011294497527396585,0.011889586366244598,-52,265.0350000000053,0.005726077185151501,-0.001184490653433623
min_gex_parity_balance_chg_wf,veto0.225,3913,36509.999999999985,0.45182724252491696,0.5422949143879376,534,4697.839999999997,0.4307116104868914,0.5205992509363296,-650,3866.910000000018,0.010889263125399118,0.01040799788563651,-59,106.50500000000557,0.005753769002911635,-0.005539028996216722
min_gex_parity_balance_chg_wf,veto0.25,3830,37229.72999999999,0.45587467362924283,0.5449086161879896,525,4033.329999999997,0.4228571428571429,0.5104761904761905,-733,4586.640000000021,0.01493669422972499,0.013021699685688448,-68,-558.0049999999947,-0.002100698626836872,-0.015662089456355832
min_gex_parity_balance_chg_wf,tilt0.05,4563,32568.839999999975,0.44093797939951784,0.5325443786982249,593,4314.014999999992,0.42327150084317033,0.5227655986509275,0,-74.24999999999272,0.0,0.0006574621959237748,0,-277.3199999999997,-0.001686340640809414,-0.003372681281618828
min_gex_parity_balance_chg_wf,tilt0.1,4563,32124.42499999997,0.4402805172035941,0.5321060705676091,593,4153.624999999992,0.42158516020236086,0.521079258010118,0,-518.6649999999972,-0.0006574621959237192,0.00021915406530792492,0,-437.71000000000004,-0.0033726812816188834,-0.005059021922428353
min_gex_parity_balance_chg_wf,tilt0.2,4563,32769.34999999996,0.44093797939951784,0.532325224632917,593,4153.624999999992,0.42158516020236086,0.521079258010118,0,126.25999999999476,0.0,0.00043830813061584983,0,-437.71000000000004,-0.0033726812816188834,-0.005059021922428353
min_gex_parity_balance_chg_wf,tilt0.5,4563,33951.359999999964,0.44071882533421,0.5327635327635327,593,4279.62999999999,0.42327150084317033,0.521079258010118,0,1308.2699999999968,-0.0002191540653078694,0.0008766162612315886,0,-311.70500000000175,-0.001686340640809414,-0.005059021922428353
min_gex_parity_balance_chg_wf,tilt1.0,4563,37655.58499999996,0.4433486741179049,0.5364891518737672,593,4787.75499999999,0.42327150084317033,0.5227655986509275,0,5012.494999999995,0.002410694718387063,0.00460223537146609,0,196.41999999999825,-0.001686340640809414,-0.003372681281618828
w80gex_parity_balance_chg_wf,veto0.03,4561,32884.36999999997,0.44113133084849815,0.5321201490901118,593,4566.784999999993,0.42495784148397975,0.5261382799325464,-2,241.2800000000061,0.00019335144898030565,0.00023323258781071665,0,-24.549999999999272,0.0,0.0
w80gex_parity_balance_chg_wf,veto0.05,4559,32872.06999999996,0.4411055055933319,0.5321342399649046,592,4716.954999999993,0.42736486486486486,0.5304054054054054,-4,228.97999999999593,0.00016752619381404932,0.00024732346260347704,-1,125.6200000000008,0.0024070233808851094,0.0042671254728590124
w80gex_parity_balance_chg_wf,veto0.075,4553,32870.26999999997,0.4412475291016912,0.5326158576762574,591,4656.664999999992,0.4263959390862944,0.5296108291032149,-10,227.1800000000003,0.00030954970217333955,0.0007289411739562768,-2,65.32999999999993,0.0014380976023146697,0.0034725491706685263
w80gex_parity_balance_chg_wf,veto0.1,4546,33263.23999999997,0.4423669159700836,0.5336559612846459,591,4472.724999999991,0.4230118443316413,0.5262267343485617,-17,620.1500000000015,0.001428936570565753,0.001769044782344742,-2,-118.61000000000058,-0.0019459971523384523,8.845441601534887e-05
w80gex_parity_balance_chg_wf,veto0.125,4487,34225.99999999997,0.4441720525963896,0.5342099398261645,589,4374.909999999993,0.42105263157894735,0.5246179966044142,-76,1582.9100000000035,0.003234073196871745,0.00232302332386336,-4,-216.42499999999927,-0.003905209905032403,-0.0015202833281321437
w80gex_parity_balance_chg_wf,veto0.15,4460,34083.52499999997,0.4452914798206278,0.5356502242152467,585,4096.484999999991,0.4205128205128205,0.5230769230769231,-103,1440.435000000005,0.004353500421109935,0.0037633077129455295,-8,-494.8500000000013,-0.00444502097115923,-0.003061356855623254
w80gex_parity_balance_chg_wf,veto0.175,4403,33744.614999999976,0.4458323870088576,0.5375880081762435,582,4237.12499999999,0.4175257731958763,0.5223367697594502,-160,1101.5250000000087,0.004894407609339735,0.005701091673942393,-11,-354.21000000000186,-0.007432068288103444,-0.0038015101730961565
w80gex_parity_balance_chg_wf,veto0.2,4345,32858.17499999998,0.44533947065592633,0.5373993095512083,579,4180.844999999988,0.4231433506044905,0.5250431778929189,-218,215.08500000001368,0.004401491256408485,0.00551239304890716,-14,-410.4900000000034,-0.0018144908794892611,-0.0010951020396274824
w80gex_parity_balance_chg_wf,veto0.225,4280,32548.484999999986,0.44462616822429907,0.5355140186915888,574,3874.894999999991,0.41986062717770034,0.519163763066202,-283,-94.60499999998137,0.0036881888247812245,0.0036271021892876343,-19,-716.440000000001,-0.005097214306279407,-0.006974516866344316
w80gex_parity_balance_chg_wf,veto0.25,4216,34019.999999999985,0.4444971537001898,0.5367647058823529,569,3849.2999999999947,0.4200351493848858,0.5166959578207382,-347,1376.910000000018,0.00355917430067193,0.004877789380051789,-24,-742.0349999999971,-0.0049226920990939615,-0.009442322111808177
w80gex_parity_balance_chg_wf,tilt0.05,4563,32310.769999999968,0.44071882533421,0.532325224632917,593,4314.014999999992,0.42327150084317033,0.5227655986509275,0,-332.3199999999997,-0.0002191540653078694,0.00043830813061584983,0,-277.3199999999997,-0.001686340640809414,-0.003372681281618828
w80gex_parity_balance_chg_wf,tilt0.1,4563,32483.12499999997,0.44115713346482577,0.5329826868288406,593,4162.854999999992,0.42158516020236086,0.521079258010118,0,-159.9649999999965,0.00021915406530792492,0.0010957703265395136,0,-428.47999999999956,-0.0033726812816188834,-0.005059021922428353
w80gex_parity_balance_chg_wf,tilt0.2,4563,33034.679999999964,0.4415954415954416,0.5336401490247644,593,4287.414999999992,0.42158516020236086,0.5227655986509275,0,391.5899999999965,0.0006574621959237748,0.0017532325224632883,0,-303.9200000000001,-0.0033726812816188834,-0.003372681281618828
w80gex_parity_balance_chg_wf,tilt0.5,4563,35342.05999999997,0.4418145956607495,0.534516765285996,593,4351.299999999992,0.41652613827993257,0.5177065767284992,0,2698.970000000001,0.0008766162612316442,0.002629848783694877,0,-240.03499999999985,-0.00843170320404718,-0.00843170320404718
w80gex_parity_balance_chg_wf,tilt1.0,4563,37710.86499999997,0.4444444444444444,0.5367083059390751,593,3520.3549999999896,0.40809443507588533,0.5126475548060708,0,5067.7750000000015,0.0035064650449265766,0.004821389436774015,0,-1070.9800000000023,-0.016863406408094417,-0.013490725126475533
w20gex_parity_balance_chg_wf,veto0.03,4559,32644.65499999997,0.4413248519412152,0.5319148936170213,592,4525.234999999992,0.4239864864864865,0.5253378378378378,-4,1.5650000000023283,0.0003868725416973362,2.7977114720134644e-05,-1,-66.09999999999945,-0.0009713549974932345,-0.0008004420947085311
w20gex_parity_balance_chg_wf,veto0.05,4557,32693.67999999997,0.4415185429010314,0.532367785824007,592,4158.394999999991,0.4189189189189189,0.5219594594594594,-6,50.59000000000378,0.0005805635015135313,0.00048086932170587904,-1,-432.9400000000005,-0.006038922565060834,-0.0041788204730869305
w20gex_parity_balance_chg_wf,veto0.075,4547,33455.59499999998,0.442269628326369,0.5333186716516385,591,4116.264999999992,0.4179357021996616,0.5228426395939086,-16,812.5050000000119,0.00133164892685117,0.0014317551493373548,-2,-475.0699999999997,-0.007022139284318163,-0.0032956403386377175
w20gex_parity_balance_chg_wf,veto0.1,4540,34180.49999999998,0.4433920704845815,0.5341409691629956,591,3999.214999999992,0.4179357021996616,0.5211505922165821,-23,1537.4100000000108,0.00245409108506367,0.00225405266069445,-2,-592.1199999999999,-0.007022139284318163,-0.004987687715964251
w20gex_parity_balance_chg_wf,veto0.125,4526,34145.854999999974,0.44410075121520104,0.5342465753424658,591,3755.6599999999917,0.41624365482233505,0.5160744500846024,-37,1502.7650000000067,0.0031627718156831963,0.0023596588401646468,-2,-835.6750000000002,-0.008714186661644696,-0.010063829847943961
w20gex_parity_balance_chg_wf,veto0.15,4507,34274.424999999974,0.44464166851564235,0.5351675171954737,590,3497.1499999999905,0.4152542372881356,0.5152542372881356,-56,1631.3350000000064,0.003703689116124509,0.0032806006931725973,-3,-1094.1850000000013,-0.009703604195844151,-0.010884042644410785
w20gex_parity_balance_chg_wf,veto0.175,4488,35093.10499999997,0.4445187165775401,0.535204991087344,586,3291.589999999994,0.41467576791808874,0.5102389078498294,-75,2450.0149999999994,0.003580737178022264,0.0033180745850428517,-7,-1299.744999999998,-0.010282073565891003,-0.015899372082716967
w20gex_parity_balance_chg_wf,veto0.2,4471,35619.934999999976,0.4448669201520912,0.5358980093938717,585,3610.409999999993,0.4188034188034188,0.5128205128205128,-92,2976.8450000000084,0.003928940752573384,0.0040110928915705335,-8,-980.9249999999988,-0.006154422680560934,-0.013317767112033585
w20gex_parity_balance_chg_wf,veto0.225,4450,36657.44499999998,0.4465168539325843,0.5377528089887641,581,3318.4599999999928,0.4165232358003442,0.5111876075731497,-113,4014.3550000000105,0.005578874533066436,0.005865892486462965,-12,-1272.874999999999,-0.008434605683635521,-0.014950672359396622
w20gex_parity_balance_chg_wf,veto0.25,4425,36389.519999999975,0.44677966101694916,0.5371751412429379,578,3138.8999999999924,0.41522491349480967,0.5086505190311419,-138,3746.4300000000076,0.005841681617431316,0.005288224740636727,-15,-1452.4349999999995,-0.009732927989170082,-0.01748776090140447
w20gex_parity_balance_chg_wf,tilt0.05,4563,33044.61999999997,0.4413762875301337,0.5332018408941486,593,4524.584999999992,0.42495784148397975,0.524451939291737,0,401.5300000000061,0.00043830813061584983,0.0013149243918474385,0,-66.75,0.0,-0.001686340640809414
w20gex_parity_balance_chg_wf,tilt0.1,4563,33158.379999999976,0.44115713346482577,0.5334209949594565,593,4406.844999999992,0.42327150084317033,0.5227655986509275,0,515.2900000000081,0.00021915406530792492,0.0015340784571553634,0,-184.48999999999978,-0.001686340640809414,-0.003372681281618828
w20gex_parity_balance_chg_wf,tilt0.2,4563,33387.49999999997,0.4413762875301337,0.5336401490247644,593,4446.404999999992,0.42495784148397975,0.5227655986509275,0,744.4100000000035,0.00043830813061584983,0.0017532325224632883,0,-144.9300000000003,0.0,-0.003372681281618828
w20gex_parity_balance_chg_wf,tilt0.5,4563,34037.98499999997,0.44115713346482577,0.5338593030900723,593,3813.7049999999913,0.418212478920742,0.5160202360876898,0,1394.895000000004,0.00021915406530792492,0.0019723865877712132,0,-777.6300000000006,-0.006745362563237767,-0.010118043844856595
w20gex_parity_balance_chg_wf,tilt1.0,4563,35933.08999999997,0.4418145956607495,0.534516765285996,593,3883.119999999991,0.4148397976391231,0.5160202360876898,0,3290.0,0.0008766162612316442,0.002629848783694877,0,-708.215000000001,-0.01011804384485665,-0.010118043844856595
avg_gex_parity_fwd_z_wf,veto0.03,4549,33342.25999999997,0.44317432402725876,0.5339635084633986,591,4695.234999999992,0.428087986463621,0.5296108291032149,-14,699.1700000000055,0.002236344627740916,0.0020765919610974404,-2,103.90000000000055,0.0031301449796412584,0.0034725491706685263
avg_gex_parity_fwd_z_wf,veto0.05,4538,33647.57499999997,0.44446892904363156,0.5356985456148082,589,4940.964999999992,0.4312393887945671,0.533106960950764,-25,1004.4850000000006,0.0035309496441137123,0.003811629112507098,-4,349.6300000000001,0.006281547310587332,0.006968681018217682
avg_gex_parity_fwd_z_wf,veto0.075,4517,33995.79499999997,0.44697808279831747,0.5384104494133274,589,4405.224999999992,0.4244482173174873,0.5280135823429541,-46,1352.7050000000017,0.006040103398799623,0.006523532911026253,-4,-186.10999999999967,-0.0005096241664924728,0.0018753024104077864
avg_gex_parity_fwd_z_wf,veto0.1,4480,33493.97999999997,0.446875,0.5381696428571429,587,3931.9099999999894,0.42078364565587734,0.5264054514480409,-83,850.8899999999994,0.005937020600482179,0.006282726354841728,-6,-659.4250000000025,-0.004174195828102412,0.0002671715154944909
avg_gex_parity_fwd_z_wf,veto0.125,4437,32775.26999999997,0.4466982195176921,0.5379761099842236,584,3933.679999999989,0.4178082191780822,0.523972602739726,-126,132.1800000000003,0.005760240118174276,0.006089193481922495,-9,-657.6550000000029,-0.007149622305897552,-0.0021656771928203478
avg_gex_parity_fwd_z_wf,veto0.15,4397,32193.994999999966,0.4457584716852399,0.5351375938139641,582,3637.2299999999886,0.4175257731958763,0.520618556701031,-166,-449.09500000000116,0.004820492285722067,0.003250677311662953,-11,-954.1050000000032,-0.007432068288103444,-0.005519723231515394
avg_gex_parity_fwd_z_wf,veto0.175,4353,33567.09999999998,0.45118309212037677,0.5380197564897772,578,2818.0899999999865,0.4134948096885813,0.5103806228373703,-210,924.0100000000093,0.010245112720858929,0.006132839987476046,-15,-1773.2450000000053,-0.011463031795398426,-0.01575765709517607
avg_gex_parity_fwd_z_wf,veto0.2,4299,31986.93999999998,0.4512677366829495,0.5364038148406606,578,3119.1999999999903,0.41695501730103807,0.5103806228373703,-264,-656.1499999999869,0.010329757283431662,0.004516898338359443,-15,-1472.1350000000016,-0.008002824182941681,-0.01575765709517607
avg_gex_parity_fwd_z_wf,veto0.225,4253,31635.274999999983,0.45262167881495413,0.5367975546672937,575,3237.269999999993,0.4191304347826087,0.5095652173913043,-310,-1007.8149999999841,0.011683699415436288,0.004910638164992598,-18,-1354.0649999999987,-0.005827406701371052,-0.016573062541242023
avg_gex_parity_fwd_z_wf,veto0.25,4177,33839.83999999999,0.45463251137179794,0.540339956906871,572,3128.6549999999975,0.4195804195804196,0.506993006993007,-386,1196.7500000000218,0.0136945319722801,0.008453040404569845,-21,-1462.6799999999944,-0.0053774219035601645,-0.01914527293953938
avg_gex_parity_fwd_z_wf,tilt0.05,4563,31897.15999999997,0.4400613631382862,0.5312294543063774,593,4503.094999999992,0.42495784148397975,0.524451939291737,0,-745.9299999999967,-0.0008766162612316442,-0.0006574621959237748,0,-88.23999999999978,0.0,-0.001686340640809414
avg_gex_parity_fwd_z_wf,tilt0.1,4563,31401.98999999997,0.4394039009423625,0.5305719921104537,593,4342.704999999993,0.42327150084317033,0.5227655986509275,0,-1241.0999999999985,-0.0015340784571553634,-0.0013149243918474385,0,-248.6299999999992,-0.001686340640809414,-0.003372681281618828
avg_gex_parity_fwd_z_wf,tilt0.2,4563,32283.54499999997,0.44093797939951784,0.532325224632917,593,4377.834999999993,0.42327150084317033,0.5227655986509275,0,-359.54499999999825,0.0,0.00043830813061584983,0,-213.4999999999991,-0.001686340640809414,-0.003372681281618828
avg_gex_parity_fwd_z_wf,tilt0.5,4563,34291.49499999997,0.4415954415954416,0.5342976112206882,593,4427.10999999999,0.41989881956155145,0.5193929173693086,0,1648.405000000006,0.0006574621959237748,0.002410694718387063,0,-164.22500000000218,-0.005059021922428297,-0.006745362563237767
avg_gex_parity_fwd_z_wf,tilt1.0,4563,36481.26499999998,0.443129520052597,0.5364891518737672,593,4398.024999999992,0.42158516020236086,0.5177065767284992,0,3838.17500000001,0.002191540653079138,0.00460223537146609,0,-193.3099999999995,-0.0033726812816188834,-0.00843170320404718
min_gex_parity_fwd_z_wf,veto0.03,4311,36410.50999999997,0.4623057295291116,0.546276965901183,581,3626.0099999999893,0.42857142857142855,0.5249569707401033,-252,3767.4200000000055,0.021367750129593743,0.014390049398881888,-12,-965.3250000000025,0.0036135870874487996,-0.0011813091924430807
min_gex_parity_fwd_z_wf,veto0.05,4184,35933.44499999998,0.46510516252390055,0.5480401529636711,575,2987.969999999992,0.42434782608695654,0.5165217391304348,-379,3290.3550000000105,0.024167183124382707,0.016153236461370013,-18,-1603.3649999999998,-0.0006100153970232114,-0.009616540802111606
min_gex_parity_fwd_z_wf,veto0.075,4059,36536.76999999999,0.4678492239467849,0.5521064301552107,564,2975.4049999999957,0.4308510638297872,0.5141843971631206,-504,3893.680000000022,0.026911244547267066,0.020219513652909527,-29,-1615.9299999999962,0.0058932223458074695,-0.011953882769425772
min_gex_parity_fwd_z_wf,veto0.1,3938,34684.204999999994,0.46470289487049266,0.5485017775520569,561,3384.774999999996,0.43493761140819964,0.5169340463458111,-625,2041.115000000027,0.023764915470974812,0.016614861049755736,-32,-1206.5599999999959,0.009979769924219895,-0.009204233586735278
min_gex_parity_fwd_z_wf,veto0.125,3817,34469.095,0.462667015981137,0.5457165313073095,548,3890.5449999999946,0.44343065693430656,0.5218978102189781,-746,1826.0050000000338,0.021729036581619177,0.013829614805008328,-45,-700.7899999999972,0.018472815450326807,-0.0042404697135682845
min_gex_parity_fwd_z_wf,veto0.15,3680,32489.865000000016,0.4625,0.5415760869565217,537,3546.784999999999,0.44692737430167595,0.5195530726256983,-883,-153.22499999995125,0.02156202060048218,0.009689170454220575,-56,-1044.549999999993,0.021969532817696202,-0.006585207306848084
min_gex_parity_fwd_z_wf,veto0.175,3571,33893.81500000002,0.46709605152618316,0.5449453934472137,526,3620.47,0.4429657794676806,0.5209125475285171,-992,1250.7250000000495,0.02615807212666532,0.013058476944912578,-67,-970.864999999992,0.018007937983700872,-0.0052257324040292374
min_gex_parity_fwd_z_wf,veto0.2,3458,33604.10000000002,0.4681897050318103,0.5462695199537305,517,3585.62,0.4448742746615087,0.5183752417794971,-1105,961.010000000053,0.027251725632292445,0.014382603451429388,-76,-1005.714999999992,0.019916433177528947,-0.00776303815304924
min_gex_parity_fwd_z_wf,veto0.225,3342,31811.61000000002,0.46618791143028127,0.5457809694793537,509,3476.754999999999,0.44597249508840864,0.518664047151277,-1221,-831.4799999999486,0.025249932030763422,0.013894052977052596,-84,-1114.5799999999927,0.02101465360442889,-0.007474232781269352
min_gex_parity_fwd_z_wf,veto0.25,3232,29838.545000000013,0.46472772277227725,0.5461014851485149,491,3462.810000000002,0.4439918533604888,0.5173116089613035,-1331,-2804.5449999999546,0.02378974337275941,0.014214568646213732,-102,-1128.5249999999896,0.01903401187650905,-0.0088266709712429
min_gex_parity_fwd_z_wf,tilt0.05,4563,31682.329999999973,0.4400613631382862,0.5312294543063774,593,4569.844999999992,0.42495784148397975,0.5261382799325464,0,-960.7599999999948,-0.0008766162612316442,-0.0006574621959237748,0,-21.48999999999978,0.0,0.0
min_gex_parity_fwd_z_wf,tilt0.1,4563,31835.054999999975,0.44049967126890205,0.5316677624369932,593,4586.794999999993,0.42495784148397975,0.524451939291737,0,-808.0349999999926,-0.0004383081306157943,-0.00021915406530792492,0,-4.539999999999054,0.0,-0.001686340640809414
min_gex_parity_fwd_z_wf,tilt0.2,4563,33134.059999999976,0.4415954415954416,0.5334209949594565,593,4240.274999999992,0.42327150084317033,0.5227655986509275,0,490.97000000000844,0.0006574621959237748,0.0015340784571553634,0,-351.0599999999995,-0.001686340640809414,-0.003372681281618828
min_gex_parity_fwd_z_wf,tilt0.5,4563,33763.60999999998,0.44071882533421,0.5338593030900723,593,4476.974999999988,0.42327150084317033,0.5227655986509275,0,1120.5200000000114,-0.0002191540653078694,0.0019723865877712132,0,-114.36000000000422,-0.001686340640809414,-0.003372681281618828
min_gex_parity_fwd_z_wf,tilt1.0,4563,36131.22499999998,0.44422529037913655,0.5353933815472277,593,4843.749999999991,0.42495784148397975,0.5261382799325464,0,3488.1350000000093,0.0032873109796187072,0.0035064650449265766,0,252.41499999999905,0.0,0.0
w80gex_parity_fwd_z_wf,veto0.03,4548,33408.65499999997,0.443051890941073,0.5334212840809147,593,4511.304999999993,0.42495784148397975,0.5261382799325464,-15,765.5650000000023,0.002113911541555158,0.0015343675786135824,0,-80.02999999999884,0.0,0.0
w80gex_parity_fwd_z_wf,veto0.05,4536,33363.78499999997,0.44312169312169314,0.533068783068783,590,4808.054999999991,0.4288135593220339,0.5322033898305085,-27,720.6949999999997,0.0021837137221752956,0.0011818665664818928,-3,216.71999999999935,0.0038557178380541623,0.006065109897962162
w80gex_parity_fwd_z_wf,veto0.075,4512,33513.134999999966,0.4434840425531915,0.5343528368794326,589,4727.694999999992,0.42614601018675724,0.5314091680814941,-51,870.0449999999983,0.002546063153673672,0.0024659203771314475,-4,136.36000000000058,0.0011881687027774923,0.005270888148947717
w80gex_parity_fwd_z_wf,veto0.1,4480,32322.504999999965,0.44308035714285715,0.534375,586,4157.699999999991,0.42150170648464164,0.5255972696245734,-83,-320.58500000000276,0.0021423777433393076,0.002488083497698912,-7,-433.6350000000011,-0.003456134999338112,-0.0005410103079729334
w80gex_parity_fwd_z_wf,veto0.125,4444,32949.94499999996,0.44779477947794777,0.5378037803780378,583,3829.3399999999906,0.4202401372212693,0.5231560891938251,-119,306.8549999999959,0.0068568000784299254,0.005916863875736644,-10,-761.9950000000013,-0.004717704262710454,-0.002982190738721302
w80gex_parity_fwd_z_wf,veto0.15,4407,34204.79999999997,0.45041978670297256,0.5411844792375766,582,3374.544999999989,0.41580756013745707,0.5189003436426117,-156,1561.7099999999991,0.009481807303454715,0.009297562735275489,-11,-1216.7900000000027,-0.009150281346522682,-0.007237936289934632
w80gex_parity_fwd_z_wf,veto0.175,4353,33110.87999999997,0.44888582586721804,0.5389386629910407,576,3710.5449999999896,0.4184027777777778,0.5208333333333334,-210,467.7900000000009,0.007947846467700193,0.007051746488739519,-17,-880.7900000000022,-0.006555063706201958,-0.00530494659921299
w80gex_parity_fwd_z_wf,veto0.2,4282,32889.02999999998,0.44862213918729565,0.5387669313404951,571,3866.7749999999915,0.4203152364273205,0.5183887915936952,-281,245.9400000000096,0.007684159787777811,0.006880014838194004,-22,-724.5600000000004,-0.004642605056659255,-0.00774948833885114
w80gex_parity_fwd_z_wf,veto0.225,4208,34471.959999999985,0.45104562737642584,0.5394486692015209,570,3681.8599999999956,0.4192982456140351,0.5157894736842106,-355,1828.8700000000172,0.010107647976907996,0.00756175269921977,-23,-909.4749999999963,-0.005659595869944634,-0.010348806248335785
w80gex_parity_fwd_z_wf,veto0.25,4146,34207.424999999996,0.449831162566329,0.5376266280752533,565,3615.969999999992,0.4194690265486726,0.5132743362831859,-417,1564.3350000000282,0.008893183166811147,0.005739711572952166,-28,-975.3649999999998,-0.005488814935307174,-0.012863943649360499
w80gex_parity_fwd_z_wf,tilt0.05,4563,32055.144999999968,0.44049967126890205,0.5318869165023011,593,4292.524999999992,0.42327150084317033,0.5227655986509275,0,-587.9449999999997,-0.0004383081306157943,0.0,0,-298.8099999999995,-0.001686340640809414,-0.003372681281618828
w80gex_parity_fwd_z_wf,tilt0.1,4563,32151.60499999997,0.4400613631382862,0.5318869165023011,593,4162.854999999992,0.42158516020236086,0.521079258010118,0,-491.48499999999694,-0.0008766162612316442,0.0,0,-428.47999999999956,-0.0033726812816188834,-0.005059021922428353
w80gex_parity_fwd_z_wf,tilt0.2,4563,33269.95999999996,0.44115713346482577,0.5334209949594565,593,4111.879999999992,0.41989881956155145,0.5193929173693086,0,626.8699999999953,0.00021915406530792492,0.0015340784571553634,0,-479.4549999999999,-0.005059021922428297,-0.006745362563237767
w80gex_parity_fwd_z_wf,tilt0.5,4563,33929.469999999965,0.44049967126890205,0.5338593030900723,593,4203.749999999992,0.41652613827993257,0.5160202360876898,0,1286.3799999999974,-0.0004383081306157943,0.0019723865877712132,0,-387.58500000000004,-0.00843170320404718,-0.010118043844856595
w80gex_parity_fwd_z_wf,tilt1.0,4563,36096.98999999996,0.4435678281832128,0.5367083059390751,593,3869.2849999999917,0.40978077571669475,0.5160202360876898,0,3453.899999999994,0.0026298487836949325,0.004821389436774015,0,-722.0500000000002,-0.015177065767285003,-0.010118043844856595
w20gex_parity_fwd_z_wf,veto0.03,4539,34496.58999999997,0.44701476096056403,0.5377836527869575,590,4668.584999999992,0.4288135593220339,0.5305084745762711,-24,1853.5,0.006076781561046185,0.0058967362846563676,-3,77.25,0.0038557178380541623,0.00437019464372479
w20gex_parity_fwd_z_wf,veto0.05,4505,33729.034999999974,0.44816870144284127,0.5389567147613763,588,4497.49499999999,0.4268707482993197,0.5306122448979592,-58,1085.945000000007,0.007230722043323423,0.007069798259075166,-5,-93.84000000000196,0.0019129068153399542,0.004473964965412858
w20gex_parity_fwd_z_wf,veto0.075,4460,32898.80999999997,0.44865470852017936,0.5376681614349775,587,3827.3199999999906,0.4190800681431005,0.5212947189097104,-103,255.72000000000116,0.007716729120661514,0.005781244932676399,-6,-764.0150000000012,-0.005877773340879244,-0.004843561022836007
w20gex_parity_fwd_z_wf,veto0.1,4399,32374.81499999998,0.4503296203682655,0.5373948624687429,582,2960.139999999994,0.41408934707903783,0.5120274914089347,-164,-268.2749999999869,0.009391640968747672,0.005507945966441774,-11,-1631.194999999998,-0.01086849440494192,-0.014110788523611695
w20gex_parity_fwd_z_wf,veto0.125,4343,33011.59999999998,0.4529127331337785,0.5413308772737739,582,2972.0749999999935,0.41408934707903783,0.5103092783505154,-220,368.5100000000093,0.011974753734260657,0.009443960771472804,-11,-1619.2599999999984,-0.01086849440494192,-0.015829001582030933
w20gex_parity_fwd_z_wf,veto0.15,4273,33117.669999999984,0.4561198221390124,0.5410718464778844,578,2477.0449999999937,0.41522491349480967,0.5069204152249135,-290,474.5800000000163,0.015181842739494578,0.00918492997558329,-15,-2114.289999999998,-0.009732927989170082,-0.01921786470763287
w20gex_parity_fwd_z_wf,veto0.175,4180,35034.29,0.4598086124401914,0.5425837320574163,574,3184.579999999995,0.4268292682926829,0.5087108013937283,-383,2391.2000000000335,0.018870633040673546,0.010696815555115147,-19,-1406.754999999997,0.0018714268087031694,-0.017427478538818097
w20gex_parity_fwd_z_wf,veto0.2,4077,33850.41999999999,0.4613686534216336,0.5447633063527103,569,3171.084999999993,0.4253075571177504,0.507908611599297,-486,1207.3300000000236,0.020430674022115736,0.012876389850409176,-24,-1420.2499999999986,0.00034971563377067527,-0.01822966833324935
w20gex_parity_fwd_z_wf,veto0.225,3993,33139.65499999999,0.4625594790884047,0.5439519158527423,565,3469.1049999999914,0.431858407079646,0.5132743362831859,-570,496.56500000002416,0.02162149968888688,0.012064999350441141,-28,-1122.2300000000005,0.006900565595666264,-0.012863943649360499
w20gex_parity_fwd_z_wf,veto0.25,3907,32820.189999999995,0.4622472485282826,0.5423598669055542,558,2662.7699999999904,0.43189964157706096,0.507168458781362,-656,177.10000000002765,0.02130926912876474,0.010472950403253023,-35,-1928.5650000000014,0.006941800093081207,-0.018969821151184396
w20gex_parity_fwd_z_wf,tilt0.05,4563,31366.229999999974,0.4394039009423625,0.5303528380451458,593,4569.844999999992,0.42495784148397975,0.5261382799325464,0,-1276.8599999999933,-0.0015340784571553634,-0.0015340784571553634,0,-21.48999999999978,0.0,0.0
w20gex_parity_fwd_z_wf,tilt0.1,4563,31564.399999999972,0.4396230550076704,0.5307911461757615,593,4575.454999999993,0.42495784148397975,0.524451939291737,0,-1078.689999999995,-0.0013149243918474385,-0.0010957703265396246,0,-15.8799999999992,0.0,-0.001686340640809414
w20gex_parity_fwd_z_wf,tilt0.2,4563,32448.604999999974,0.44071882533421,0.5325443786982249,593,4223.659999999991,0.42495784148397975,0.521079258010118,0,-194.4849999999933,-0.0002191540653078694,0.0006574621959237748,0,-367.6750000000011,0.0,-0.005059021922428353
w20gex_parity_fwd_z_wf,tilt0.5,4563,32373.699999999983,0.44049967126890205,0.5321060705676091,593,4839.954999999991,0.4266441821247892,0.5278246205733558,0,-269.38999999998487,-0.0004383081306157943,0.00021915406530792492,0,248.61999999999898,0.0016863406408094694,0.001686340640809414
w20gex_parity_fwd_z_wf,tilt1.0,4563,32218.17499999998,0.44093797939951784,0.5327635327635327,593,4646.894999999991,0.4350758853288364,0.5227655986509275,0,-424.9149999999863,0.0,0.0008766162612315886,0,55.55999999999949,0.01011804384485665,-0.003372681281618828
