model,months,gamma,dPnL,t,yrs_up,n,n_base,side_switch
ret1z,6,1.0,-6257,-2.39,0,3408,3318,573
ret1z,6,3.0,-10282,-2.38,0,3551,3318,1230
ret2z,6,1.0,-9136,-2.49,0,3447,3318,766
ret2z,6,3.0,-10427,-1.99,1,3615,3318,1598
ret5z,6,1.0,-2338,-0.51,1,3518,3318,1038
ret5z,6,3.0,-7921,-1.13,1,3668,3318,1873
ret10z,6,1.0,3125,0.56,2,3584,3318,1272
ret10z,6,3.0,-501,-0.07,2,3718,3318,2116
ret20z,6,1.0,425,0.08,3,3580,3318,1300
ret20z,6,3.0,3623,0.5,3,3715,3318,2142
xs5z,6,1.0,1718,0.55,2,3441,3318,774
xs5z,6,3.0,-2826,-0.56,3,3598,3318,1587
xs20z,6,1.0,5003,1.28,3,3457,3318,864
xs20z,6,3.0,-4191,-0.73,2,3626,3318,1729
rsi2c,6,1.0,-10638,-2.39,0,3509,3318,1032
rsi2c,6,3.0,-18867,-3.1,0,3683,3318,1908
rsi14c,6,1.0,-2369,-0.47,2,3523,3318,1252
rsi14c,6,3.0,-3670,-0.51,2,3643,3318,2057
clv,6,1.0,-5765,-1.45,0,3468,3318,1030
clv,6,3.0,-11126,-2.04,0,3638,3318,1815
clv3,6,1.0,-5300,-1.22,0,3422,3318,951
clv3,6,3.0,-7026,-1.13,0,3660,3318,1903
dsma10,6,1.0,-3016,-0.59,1,3542,3318,1109
dsma10,6,3.0,-3117,-0.42,1,3673,3318,1956
dsma20,6,1.0,-1943,-0.35,1,3583,3318,1267
dsma20,6,3.0,-1050,-0.14,2,3725,3318,2123
dsma50,6,1.0,-4736,-0.85,1,3431,3318,1154
dsma50,6,3.0,-12443,-1.7,1,3610,3318,2020
macd_h,6,1.0,6900,1.11,3,3631,3318,1305
macd_h,6,3.0,3998,0.49,2,3738,3318,2042
macd_slope,6,1.0,-9127,-2.52,0,3416,3318,676
macd_slope,6,3.0,-16234,-3.06,0,3522,3318,1349
di,6,1.0,-3762,-0.7,1,3535,3318,1205
di,6,3.0,-3065,-0.45,1,3678,3318,2031
pctb,6,1.0,-1511,-0.28,1,3578,3318,1286
pctb,6,3.0,-3274,-0.41,1,3726,3318,2133
stoch14,6,1.0,-2271,-0.41,1,3591,3318,1288
stoch14,6,3.0,-2430,-0.31,1,3700,3318,2115
upcount10,6,1.0,-440,-0.09,2,3560,3318,1079
upcount10,6,3.0,3243,0.46,2,3690,3318,1922
gap,6,1.0,-3768,-1.03,1,3416,3318,792
gap,6,3.0,-9534,-1.73,2,3565,3318,1594
spy_ret1z,6,1.0,-4506,-1.32,1,3392,3318,704
spy_ret1z,6,3.0,-7757,-1.49,1,3544,3318,1358
spy_ret5z,6,1.0,3938,0.69,3,3467,3318,1035
spy_ret5z,6,3.0,-2803,-0.39,2,3600,3318,1663
spy_rsi2c,6,1.0,-2031,-0.38,1,3467,3318,1020
spy_rsi2c,6,3.0,-4496,-0.61,1,3633,3318,1697
spy_dsma20,6,1.0,1116,0.17,3,3489,3318,1096
spy_dsma20,6,3.0,1425,0.18,2,3589,3318,1716
ret_today,6,1.0,-1591,-0.56,2,3360,3318,420
ret_today,6,3.0,-6914,-1.66,0,3440,3318,991
peer_ret1z,6,1.0,-8357,-2.63,1,3386,3318,664
peer_ret1z,6,3.0,-9286,-1.85,0,3520,3318,1384
peer_ret5z,6,1.0,-191,-0.04,2,3465,3318,1093
peer_ret5z,6,3.0,504,0.07,2,3611,3318,1906
on1z,6,1.0,733,0.25,3,3390,3318,651
on1z,6,3.0,-141,-0.03,2,3522,3318,1386
in1z,6,1.0,-4007,-1.26,1,3415,3318,776
in1z,6,3.0,-4712,-0.96,1,3590,3318,1587
on5z,6,1.0,2473,0.54,3,3515,3318,1065
on5z,6,3.0,4359,0.67,3,3636,3318,1880
in5z,6,1.0,-4873,-1.17,1,3462,3318,888
in5z,6,3.0,-5966,-0.95,1,3641,3318,1720
body,6,1.0,-4734,-1.33,1,3447,3318,914
body,6,3.0,-7784,-1.56,0,3627,3318,1730
wick,6,1.0,-37,-0.01,3,3407,3318,702
wick,6,3.0,-4093,-0.83,2,3549,3318,1463
engulf,6,1.0,-2190,-1.21,0,3348,3318,344
engulf,6,3.0,-563,-0.21,2,3411,3318,655
hammer,6,1.0,-1434,-0.67,1,3381,3318,408
hammer,6,3.0,-7659,-2.18,1,3467,3318,906
pos55,6,1.0,-7020,-1.37,1,3433,3318,1195
pos55,6,3.0,-11539,-1.6,1,3594,3318,2074
pos250,6,1.0,-76,-0.02,2,3212,3318,913
pos250,6,3.0,-5084,-0.67,2,3410,3318,2003
streak,6,1.0,-1859,-0.56,1,3478,3318,849
streak,6,3.0,-10585,-2.01,1,3682,3318,1666
hhll5,6,1.0,2993,0.66,3,3495,3318,985
hhll5,6,3.0,-139,-0.02,2,3661,3318,1768
skew60,6,1.0,-6748,-2.59,0,3400,3318,563
skew60,6,3.0,-10865,-2.48,1,3520,3318,1245
dsma200,6,1.0,-1047,-0.19,2,3293,3318,1090
dsma200,6,3.0,-7331,-0.93,2,3502,3318,2033
trend50_200,6,1.0,-4434,-0.85,1,3305,3318,1000
trend50_200,6,3.0,-9783,-1.18,1,3546,3318,2095
xq5z,6,1.0,-2583,-0.6,3,3497,3318,1089
xq5z,6,3.0,-4922,-0.82,1,3649,3318,1959
xi5z,6,1.0,-4174,-0.99,2,3433,3318,953
xi5z,6,3.0,-7531,-1.21,1,3577,3318,1720
own_minus_peer1,6,1.0,-2463,-0.98,1,3373,3318,558
own_minus_peer1,6,3.0,-4967,-1.27,1,3557,3318,1368
mkt_ret1z,6,1.0,-7009,-1.87,0,3408,3318,697
mkt_ret1z,6,3.0,-7828,-1.38,2,3501,3318,1290
mkt_ret2z,6,1.0,-1678,-0.38,2,3416,3318,834
mkt_ret2z,6,3.0,-6136,-0.92,2,3543,3318,1448
mkt_ret5z,6,1.0,-64,-0.01,2,3474,3318,1104
mkt_ret5z,6,3.0,-9672,-1.24,2,3604,3318,1744
mkt_ret10z,6,1.0,1223,0.18,3,3559,3318,1313
mkt_ret10z,6,3.0,1490,0.17,2,3662,3318,1933
mkt_ret20z,6,1.0,-283,-0.04,2,3576,3318,1360
mkt_ret20z,6,3.0,-7147,-0.82,2,3681,3318,2027
mkt_xs5z,6,1.0,-9246,-1.83,0,3459,3318,1005
mkt_xs5z,6,3.0,-15593,-2.08,0,3583,3318,1673
mkt_xs20z,6,1.0,-13666,-2.09,1,3597,3318,1219
mkt_xs20z,6,3.0,-16555,-1.91,1,3702,3318,1847
mkt_rsi2c,6,1.0,-5046,-0.95,1,3468,3318,1048
mkt_rsi2c,6,3.0,-10119,-1.37,2,3625,3318,1711
mkt_rsi14c,6,1.0,287,0.04,2,3508,3318,1366
mkt_rsi14c,6,3.0,-5066,-0.58,1,3635,3318,2032
mkt_clv,6,1.0,-5493,-1.35,1,3441,3318,939
mkt_clv,6,3.0,-10685,-1.73,1,3542,3318,1620
mkt_clv3,6,1.0,-3766,-0.79,1,3421,3318,825
mkt_clv3,6,3.0,-4525,-0.7,2,3552,3318,1480
mkt_dsma10,6,1.0,1488,0.24,2,3481,3318,1132
mkt_dsma10,6,3.0,-4351,-0.55,2,3607,3318,1794
mkt_dsma20,6,1.0,-1536,-0.23,2,3505,3318,1273
mkt_dsma20,6,3.0,-5491,-0.61,2,3619,3318,1961
mkt_dsma50,6,1.0,-4060,-0.6,1,3449,3318,1253
mkt_dsma50,6,3.0,-4475,-0.52,1,3600,3318,1894
mkt_macd_h,6,1.0,6551,0.97,3,3557,3318,1225
mkt_macd_h,6,3.0,5866,0.69,2,3679,3318,1816
mkt_macd_slope,6,1.0,-6365,-1.27,0,3436,3318,823
mkt_macd_slope,6,3.0,-9515,-1.39,1,3551,3318,1428
mkt_di,6,1.0,3594,0.51,3,3488,3318,1370
mkt_di,6,3.0,-2231,-0.24,2,3621,3318,2076
mkt_pctb,6,1.0,-82,-0.01,2,3491,3318,1214
mkt_pctb,6,3.0,-3834,-0.45,2,3636,3318,1947
mkt_stoch14,6,1.0,-1590,-0.25,1,3496,3318,1194
mkt_stoch14,6,3.0,-1942,-0.22,2,3636,3318,1907
mkt_upcount10,6,1.0,-1985,-0.31,3,3556,3318,1170
mkt_upcount10,6,3.0,524,0.06,2,3677,3318,1738
mkt_gap,6,1.0,3036,0.64,2,3392,3318,803
mkt_gap,6,3.0,-1303,-0.2,2,3536,3318,1460
mkt_on1z,6,1.0,2778,0.73,2,3370,3318,686
mkt_on1z,6,3.0,-1162,-0.19,2,3494,3318,1274
mkt_in1z,6,1.0,-4716,-1.45,2,3413,3318,737
mkt_in1z,6,3.0,-12484,-2.26,1,3541,3318,1342
mkt_on5z,6,1.0,-2167,-0.37,2,3480,3318,988
mkt_on5z,6,3.0,767,0.1,2,3631,3318,1570
mkt_in5z,6,1.0,-242,-0.04,2,3494,3318,1117
mkt_in5z,6,3.0,-1350,-0.17,1,3631,3318,1812
mkt_body,6,1.0,-7407,-1.89,1,3446,3318,878
mkt_body,6,3.0,-11218,-1.85,1,3603,3318,1552
mkt_wick,6,1.0,-6810,-1.68,0,3413,3318,805
mkt_wick,6,3.0,-10241,-1.73,1,3502,3318,1378
mkt_engulf,6,1.0,2217,0.67,2,3390,3318,682
mkt_engulf,6,3.0,334,0.07,1,3484,3318,1232
mkt_hammer,6,1.0,-8894,-2.25,1,3406,3318,813
mkt_hammer,6,3.0,-8439,-1.47,1,3551,3318,1486
mkt_pos55,6,1.0,-2442,-0.35,2,3493,3318,1313
mkt_pos55,6,3.0,-6637,-0.77,2,3632,3318,1939
mkt_pos250,6,1.0,-14884,-1.79,0,3506,3318,1505
mkt_pos250,6,3.0,-24499,-2.33,0,3635,3318,2172
mkt_streak,6,1.0,-6499,-1.3,1,3481,3318,1044
mkt_streak,6,3.0,-12419,-1.73,1,3630,3318,1710
mkt_hhll5,6,1.0,2783,0.5,2,3472,3318,1058
mkt_hhll5,6,3.0,3144,0.43,2,3609,3318,1672
mkt_skew60,6,1.0,-11849,-1.34,2,3527,3318,1515
mkt_skew60,6,3.0,-15176,-1.43,2,3660,3318,2231
mkt_dsma200,6,1.0,-12434,-1.45,1,3557,3318,1650
mkt_dsma200,6,3.0,-18548,-1.75,0,3670,3318,2302
mkt_trend50_200,6,1.0,-11889,-1.28,2,3607,3318,1858
mkt_trend50_200,6,3.0,-14569,-1.24,1,3746,3318,2512
mkt_xq5z,6,1.0,-10946,-2.01,0,3470,3318,1041
mkt_xq5z,6,3.0,-11853,-1.59,1,3586,3318,1700
mkt_xi5z,6,1.0,-2182,-0.37,2,3473,3318,1149
mkt_xi5z,6,3.0,-2776,-0.35,1,3617,3318,1831
mkt_spy_gapz,6,1.0,1188,0.26,2,3426,3318,855
mkt_spy_gapz,6,3.0,-3683,-0.57,1,3572,3318,1512
mkt_spy_ret1z,6,1.0,-4506,-1.32,1,3392,3318,704
mkt_spy_ret1z,6,3.0,-7757,-1.49,1,3544,3318,1358
mkt_spy_dsma20,6,1.0,1116,0.17,3,3489,3318,1096
mkt_spy_dsma20,6,3.0,1425,0.18,2,3589,3318,1716
ret1z,12,1.0,-2800,-1.19,2,3368,3318,444
ret1z,12,3.0,-6027,-1.64,1,3443,3318,952
ret2z,12,1.0,-6082,-2.03,0,3389,3318,557
ret2z,12,3.0,-6619,-1.27,2,3563,3318,1354
ret5z,12,1.0,3415,0.78,3,3564,3318,979
ret5z,12,3.0,6593,0.95,2,3723,3318,1824
ret10z,12,1.0,1458,0.28,2,3598,3318,1102
ret10z,12,3.0,593,0.08,1,3745,3318,1958
ret20z,12,1.0,560,0.11,2,3577,3318,1091
ret20z,12,3.0,-1691,-0.24,2,3722,3318,1994
xs5z,12,1.0,1005,0.4,3,3401,3318,624
xs5z,12,3.0,2285,0.48,4,3577,3318,1397
xs20z,12,1.0,3548,1.13,3,3399,3318,547
xs20z,12,3.0,1002,0.21,2,3535,3318,1217
rsi2c,12,1.0,-6491,-1.67,0,3450,3318,710
rsi2c,12,3.0,-5921,-1.05,0,3685,3318,1588
rsi14c,12,1.0,-274,-0.06,2,3541,3318,1025
rsi14c,12,3.0,-4300,-0.61,1,3708,3318,2008
clv,12,1.0,455,0.12,3,3406,3318,845
clv,12,3.0,-827,-0.14,2,3586,3318,1702
clv3,12,1.0,-2427,-0.63,1,3405,3318,807
clv3,12,3.0,-4372,-0.77,1,3591,3318,1699
dsma10,12,1.0,-1970,-0.43,1,3540,3318,931
dsma10,12,3.0,2170,0.31,2,3708,3318,1789
dsma20,12,1.0,838,0.16,1,3604,3318,1108
dsma20,12,3.0,1143,0.15,1,3736,3318,1950
dsma50,12,1.0,-3334,-0.76,1,3382,3318,809
dsma50,12,3.0,-12705,-1.82,1,3499,3318,1684
macd_h,12,1.0,4565,0.77,3,3628,3318,1184
macd_h,12,3.0,11037,1.32,2,3738,3318,1975
macd_slope,12,1.0,-7230,-2.82,0,3362,3318,423
macd_slope,12,3.0,-15192,-3.19,0,3479,3318,1020
di,12,1.0,-627,-0.13,2,3529,3318,991
di,12,3.0,-4561,-0.63,1,3693,3318,1915
pctb,12,1.0,1981,0.39,1,3611,3318,1146
pctb,12,3.0,3859,0.51,2,3754,3318,2023
stoch14,12,1.0,-2769,-0.57,2,3611,3318,1075
stoch14,12,3.0,6135,0.87,3,3750,3318,1910
upcount10,12,1.0,-3325,-0.88,1,3538,3318,876
upcount10,12,3.0,71,0.01,1,3721,3318,1818
gap,12,1.0,-1508,-0.56,1,3364,3318,500
gap,12,3.0,-4744,-1.03,1,3433,3318,1133
spy_ret1z,12,1.0,55,0.02,2,3385,3318,569
spy_ret1z,12,3.0,989,0.23,1,3452,3318,1053
spy_ret5z,12,1.0,2539,0.45,2,3483,3318,1011
spy_ret5z,12,3.0,3847,0.49,2,3614,3318,1688
spy_rsi2c,12,1.0,1371,0.27,2,3435,3318,1016
spy_rsi2c,12,3.0,3730,0.49,3,3644,3318,1825
spy_dsma20,12,1.0,-2910,-0.47,2,3514,3318,1091
spy_dsma20,12,3.0,632,0.08,2,3641,3318,1726
ret_today,12,1.0,-2273,-0.9,1,3328,3318,393
ret_today,12,3.0,-3611,-0.85,0,3435,3318,976
peer_ret1z,12,1.0,-3017,-1.05,1,3368,3318,521
peer_ret1z,12,3.0,-5019,-1.19,1,3432,3318,1065
peer_ret5z,12,1.0,1436,0.28,4,3504,3318,1041
peer_ret5z,12,3.0,1346,0.17,2,3700,3318,1976
on1z,12,1.0,1136,0.43,3,3407,3318,532
on1z,12,3.0,478,0.11,1,3536,3318,1206
in1z,12,1.0,-1581,-0.56,1,3397,3318,621
in1z,12,3.0,-663,-0.14,1,3592,3318,1399
on5z,12,1.0,2135,0.47,3,3538,3318,988
on5z,12,3.0,3204,0.51,3,3667,3318,1776
in5z,12,1.0,-7852,-2.31,0,3423,3318,623
in5z,12,3.0,-5477,-0.93,1,3626,3318,1448
body,12,1.0,-4097,-1.31,1,3397,3318,693
body,12,3.0,116,0.02,2,3618,3318,1507
wick,12,1.0,798,0.28,2,3369,3318,577
wick,12,3.0,3674,0.82,3,3447,3318,1257
engulf,12,1.0,-3499,-1.96,0,3355,3318,315
engulf,12,3.0,568,0.2,2,3395,3318,608
hammer,12,1.0,-2300,-1.21,0,3357,3318,270
hammer,12,3.0,-1443,-0.48,3,3447,3318,644
pos55,12,1.0,-6784,-1.54,0,3385,3318,830
pos55,12,3.0,-15017,-2.2,0,3507,3318,1712
pos250,12,1.0,-2273,-0.51,2,3212,3318,658
pos250,12,3.0,-2139,-0.29,2,3460,3318,1578
streak,12,1.0,-1666,-0.62,1,3383,3318,556
streak,12,3.0,-3489,-0.72,1,3536,3318,1282
hhll5,12,1.0,-844,-0.21,1,3523,3318,808
hhll5,12,3.0,8336,1.42,3,3700,3318,1512
skew60,12,1.0,-1163,-0.58,2,3369,3318,372
skew60,12,3.0,-2376,-0.7,2,3475,3318,842
dsma200,12,1.0,-2197,-0.46,2,3261,3318,770
dsma200,12,3.0,-10719,-1.41,2,3479,3318,1722
trend50_200,12,1.0,-2836,-0.65,2,3265,3318,751
trend50_200,12,3.0,-2175,-0.27,1,3466,3318,1713
xq5z,12,1.0,2144,0.7,2,3392,3318,697
xq5z,12,3.0,-344,-0.07,1,3560,3318,1416
xi5z,12,1.0,1218,0.32,3,3431,3318,874
xi5z,12,3.0,1661,0.27,2,3631,3318,1799
own_minus_peer1,12,1.0,-1979,-0.88,0,3324,3318,401
own_minus_peer1,12,3.0,1632,0.44,2,3407,3318,945
mkt_ret1z,12,1.0,-4021,-1.31,1,3359,3318,490
mkt_ret1z,12,3.0,-5891,-1.37,1,3413,3318,938
mkt_ret2z,12,1.0,-306,-0.08,3,3390,3318,680
mkt_ret2z,12,3.0,-3076,-0.53,2,3535,3318,1278
mkt_ret5z,12,1.0,-4624,-0.82,1,3502,3318,977
mkt_ret5z,12,3.0,-4903,-0.66,1,3653,3318,1656
mkt_ret10z,12,1.0,-3008,-0.44,2,3551,3318,1209
mkt_ret10z,12,3.0,2250,0.26,2,3691,3318,1846
mkt_ret20z,12,1.0,-1064,-0.17,2,3577,3318,1251
mkt_ret20z,12,3.0,-817,-0.1,1,3722,3318,1885
mkt_xs5z,12,1.0,-2944,-0.61,2,3431,3318,832
mkt_xs5z,12,3.0,-6374,-0.88,1,3526,3318,1446
mkt_xs20z,12,1.0,-8396,-1.89,0,3422,3318,657
mkt_xs20z,12,3.0,-9621,-1.44,1,3558,3318,1208
mkt_rsi2c,12,1.0,-302,-0.06,3,3436,3318,864
mkt_rsi2c,12,3.0,-2108,-0.3,3,3585,3318,1503
mkt_rsi14c,12,1.0,710,0.11,2,3520,3318,1180
mkt_rsi14c,12,3.0,-1737,-0.21,1,3671,3318,1880
mkt_clv,12,1.0,-2550,-0.68,2,3402,3318,766
mkt_clv,12,3.0,-4676,-0.85,2,3511,3318,1366
mkt_clv3,12,1.0,-1324,-0.31,2,3398,3318,790
mkt_clv3,12,3.0,-387,-0.06,2,3528,3318,1430
mkt_dsma10,12,1.0,-390,-0.07,2,3490,3318,1027
mkt_dsma10,12,3.0,-2887,-0.38,2,3657,3318,1716
mkt_dsma20,12,1.0,-1882,-0.28,2,3551,3318,1245
mkt_dsma20,12,3.0,-3161,-0.36,1,3697,3318,1902
mkt_dsma50,12,1.0,-7187,-1.23,1,3448,3318,1006
mkt_dsma50,12,3.0,-10726,-1.45,1,3564,3318,1573
mkt_macd_h,12,1.0,2385,0.35,3,3595,3318,1144
mkt_macd_h,12,3.0,4311,0.5,2,3673,3318,1712
mkt_macd_slope,12,1.0,-4627,-1.11,1,3427,3318,651
mkt_macd_slope,12,3.0,-7494,-1.24,1,3492,3318,1197
mkt_di,12,1.0,-4074,-0.63,1,3477,3318,1128
mkt_di,12,3.0,-2927,-0.36,1,3649,3318,1855
mkt_pctb,12,1.0,-1120,-0.17,2,3550,3318,1210
mkt_pctb,12,3.0,-3884,-0.46,2,3718,3318,1909
mkt_stoch14,12,1.0,-46,-0.01,2,3549,3318,1135
mkt_stoch14,12,3.0,-600,-0.07,2,3664,3318,1780
mkt_upcount10,12,1.0,215,0.03,2,3558,3318,1165
mkt_upcount10,12,3.0,1006,0.12,2,3716,3318,1784
mkt_gap,12,1.0,3315,0.84,4,3376,3318,636
mkt_gap,12,3.0,-2273,-0.41,1,3442,3318,1125
mkt_on1z,12,1.0,-1166,-0.37,2,3347,3318,517
mkt_on1z,12,3.0,-3142,-0.62,1,3485,3318,1119
mkt_in1z,12,1.0,-4281,-1.26,1,3375,3318,645
mkt_in1z,12,3.0,-2112,-0.4,1,3485,3318,1206
mkt_on5z,12,1.0,-73,-0.01,3,3499,3318,928
mkt_on5z,12,3.0,1164,0.16,3,3637,3318,1543
mkt_in5z,12,1.0,-3974,-0.8,1,3456,3318,836
mkt_in5z,12,3.0,-64,-0.01,1,3583,3318,1468
mkt_body,12,1.0,-2377,-0.62,1,3400,3318,725
mkt_body,12,3.0,-3373,-0.65,1,3516,3318,1301
mkt_wick,12,1.0,783,0.22,2,3357,3318,625
mkt_wick,12,3.0,274,0.05,2,3443,3318,1216
mkt_engulf,12,1.0,1920,0.62,1,3391,3318,644
mkt_engulf,12,3.0,-887,-0.21,1,3488,3318,1162
mkt_hammer,12,1.0,1205,0.34,1,3367,3318,607
mkt_hammer,12,3.0,2227,0.43,1,3482,3318,1223
mkt_pos55,12,1.0,-6452,-1.12,2,3454,3318,970
mkt_pos55,12,3.0,-9299,-1.31,0,3545,3318,1521
mkt_pos250,12,1.0,-9107,-1.7,0,3500,3318,952
mkt_pos250,12,3.0,-23016,-2.78,0,3629,3318,1678
mkt_streak,12,1.0,-552,-0.13,2,3417,3318,779
mkt_streak,12,3.0,-973,-0.15,2,3570,3318,1409
mkt_hhll5,12,1.0,-353,-0.07,1,3478,3318,890
mkt_hhll5,12,3.0,-510,-0.07,2,3595,3318,1531
mkt_skew60,12,1.0,-8230,-1.35,1,3391,3318,1022
mkt_skew60,12,3.0,-10901,-1.31,1,3555,3318,1744
mkt_dsma200,12,1.0,-8421,-1.51,0,3487,3318,994
mkt_dsma200,12,3.0,-16397,-2.1,0,3637,3318,1634
mkt_trend50_200,12,1.0,-7216,-0.98,2,3459,3318,1231
mkt_trend50_200,12,3.0,-10747,-1.04,2,3613,3318,1983
mkt_xq5z,12,1.0,-6239,-1.32,0,3429,3318,792
mkt_xq5z,12,3.0,-8728,-1.22,1,3528,3318,1428
mkt_xi5z,12,1.0,-3920,-0.91,1,3433,3318,806
mkt_xi5z,12,3.0,-2109,-0.33,1,3547,3318,1440
mkt_spy_gapz,12,1.0,1238,0.34,2,3381,3318,643
mkt_spy_gapz,12,3.0,-1599,-0.27,2,3498,3318,1208
mkt_spy_ret1z,12,1.0,55,0.02,2,3385,3318,569
mkt_spy_ret1z,12,3.0,989,0.23,1,3452,3318,1053
mkt_spy_dsma20,12,1.0,-2910,-0.47,2,3514,3318,1091
mkt_spy_dsma20,12,3.0,632,0.08,2,3641,3318,1726
