model,gamma,dPnL,t,yrs_up,n,n_base,side_switch,p_fwer
mkt_ret1z,1.0,-782,-0.67,2,3318,3318,93,1.0
mkt_ret1z,3.0,-1721,-1.1,2,3319,3318,194,1.0
mkt_ret1z,10.0,-3609,-1.13,2,3371,3318,566,1.0
mkt_ret2z,1.0,-1420,-0.5,2,3332,3318,385,1.0
mkt_ret2z,3.0,2923,0.64,3,3431,3318,881,0.95
mkt_ret2z,10.0,-706,-0.11,2,3628,3318,1641,1.0
mkt_ret5z,1.0,-8853,-1.83,0,3436,3318,806,1.0
mkt_ret5z,3.0,-11726,-1.73,0,3569,3318,1424,1.0
mkt_ret5z,10.0,-15549,-1.76,0,3706,3318,2173,1.0
mkt_ret10z,1.0,-5707,-1.07,2,3414,3318,757,1.0
mkt_ret10z,3.0,-7926,-1.18,1,3515,3318,1221,1.0
mkt_ret10z,10.0,-10696,-1.28,1,3686,3318,1941,1.0
mkt_ret20z,1.0,-6914,-1.02,2,3495,3318,1157,1.0
mkt_ret20z,3.0,-7630,-0.89,1,3686,3318,1794,1.0
mkt_ret20z,10.0,-12058,-1.28,1,3793,3318,2401,1.0
mkt_xs5z,1.0,963,0.17,1,3441,3318,985,1.0
mkt_xs5z,3.0,-1819,-0.24,1,3623,3318,1631,1.0
mkt_xs5z,10.0,-2339,-0.26,1,3716,3318,2226,1.0
mkt_xs20z,1.0,-2398,-0.35,2,3425,3318,1067,1.0
mkt_xs20z,3.0,-4056,-0.47,2,3576,3318,1758,1.0
mkt_xs20z,10.0,-7705,-0.72,1,3724,3318,2513,1.0
mkt_rsi2c,1.0,-3634,-0.96,0,3356,3318,579,1.0
mkt_rsi2c,3.0,-406,-0.07,1,3506,3318,1175,1.0
mkt_rsi2c,10.0,-2313,-0.31,1,3685,3318,1876,1.0
mkt_rsi14c,1.0,-6070,-1.02,1,3413,3318,820,1.0
mkt_rsi14c,3.0,-7667,-1.07,2,3512,3318,1270,1.0
mkt_rsi14c,10.0,-10682,-1.24,1,3675,3318,1907,1.0
mkt_clv,1.0,-3153,-1.02,0,3367,3318,597,1.0
mkt_clv,3.0,313,0.06,2,3519,3318,1282,1.0
mkt_clv,10.0,-3454,-0.47,1,3662,3318,2069,1.0
mkt_clv3,1.0,-1374,-0.39,2,3371,3318,549,1.0
mkt_clv3,3.0,-2622,-0.57,2,3421,3318,855,1.0
mkt_clv3,10.0,-3991,-0.7,2,3560,3318,1420,1.0
mkt_dsma10,1.0,-7242,-1.48,1,3421,3318,791,1.0
mkt_dsma10,3.0,-6194,-0.94,1,3568,3318,1365,1.0
mkt_dsma10,10.0,-8818,-1.05,1,3708,3318,2083,1.0
mkt_dsma20,1.0,-8985,-1.49,2,3475,3318,999,1.0
mkt_dsma20,3.0,-9877,-1.27,1,3636,3318,1576,1.0
mkt_dsma20,10.0,-10858,-1.22,1,3761,3318,2221,1.0
mkt_dsma50,1.0,-1403,-0.23,1,3399,3318,738,1.0
mkt_dsma50,3.0,-5735,-0.8,1,3449,3318,1076,1.0
mkt_dsma50,10.0,-8924,-1.06,1,3602,3318,1668,1.0
mkt_macd_h,1.0,-14029,-2.38,0,3504,3318,1030,1.0
mkt_macd_h,3.0,-16916,-2.2,1,3644,3318,1658,1.0
mkt_macd_h,10.0,-16290,-1.71,1,3751,3318,2292,1.0
mkt_macd_slope,1.0,-154,-0.06,1,3346,3318,307,1.0
mkt_macd_slope,3.0,-1881,-0.4,1,3389,3318,665,1.0
mkt_macd_slope,10.0,1072,0.16,2,3533,3318,1216,1.0
mkt_di,1.0,-6472,-1.13,2,3399,3318,719,1.0
mkt_di,3.0,-7307,-1.12,2,3449,3318,1018,1.0
mkt_di,10.0,-10484,-1.38,1,3521,3318,1452,1.0
mkt_pctb,1.0,-7442,-1.35,1,3453,3318,927,1.0
mkt_pctb,3.0,-8594,-1.12,1,3620,3318,1525,1.0
mkt_pctb,10.0,-7631,-0.86,1,3748,3318,2192,1.0
mkt_stoch14,1.0,-4285,-0.83,2,3451,3318,862,1.0
mkt_stoch14,3.0,-5764,-0.82,1,3606,3318,1428,1.0
mkt_stoch14,10.0,-9663,-1.13,1,3734,3318,2142,1.0
mkt_upcount10,1.0,-7226,-1.35,1,3449,3318,846,1.0
mkt_upcount10,3.0,-10659,-1.47,0,3586,3318,1455,1.0
mkt_upcount10,10.0,-10075,-1.2,1,3727,3318,2148,1.0
mkt_gap,1.0,4108,1.75,4,3364,3318,444,0.12
mkt_gap,3.0,5749,1.38,4,3398,3318,887,0.33
mkt_gap,10.0,6095,0.94,3,3560,3318,1684,0.8
mkt_on1z,1.0,-1623,-0.61,1,3347,3318,434,1.0
mkt_on1z,3.0,1720,0.34,3,3453,3318,1004,1.0
mkt_on1z,10.0,-3910,-0.52,2,3633,3318,1832,1.0
mkt_in1z,1.0,-1413,-0.52,2,3356,3318,472,1.0
mkt_in1z,3.0,-5850,-1.31,1,3436,3318,1039,1.0
mkt_in1z,10.0,-3563,-0.5,1,3658,3318,1947,1.0
mkt_on5z,1.0,-3388,-0.86,1,3395,3318,654,1.0
mkt_on5z,3.0,-5013,-0.75,2,3581,3318,1338,1.0
mkt_on5z,10.0,-6216,-0.72,2,3718,3318,2090,1.0
mkt_in5z,1.0,-1151,-0.28,2,3371,3318,599,1.0
mkt_in5z,3.0,-9026,-1.71,0,3487,3318,1073,1.0
mkt_in5z,10.0,-11185,-1.51,0,3632,3318,1759,1.0
mkt_body,1.0,-3340,-1.15,2,3370,3318,518,1.0
mkt_body,3.0,-3399,-0.67,2,3479,3318,1156,1.0
mkt_body,10.0,-6796,-0.93,1,3683,3318,2037,1.0
mkt_wick,1.0,2314,0.73,2,3375,3318,488,0.95
mkt_wick,3.0,29,0.01,3,3493,3318,936,1.0
mkt_wick,10.0,341,0.06,2,3640,3318,1626,1.0
mkt_engulf,1.0,-2070,-0.56,2,3409,3318,747,1.0
mkt_engulf,3.0,-2587,-0.45,2,3564,3318,1462,1.0
mkt_engulf,10.0,-6339,-0.84,1,3719,3318,2231,1.0
mkt_hammer,1.0,1968,0.75,1,3340,3318,349,0.94
mkt_hammer,3.0,2806,0.76,3,3433,3318,687,0.93
mkt_hammer,10.0,1787,0.35,2,3562,3318,1213,0.99
mkt_pos55,1.0,-1990,-0.33,1,3376,3318,718,1.0
mkt_pos55,3.0,-6882,-0.96,0,3466,3318,1105,1.0
mkt_pos55,10.0,-6073,-0.73,1,3644,3318,1687,1.0
mkt_pos250,1.0,-5818,-0.89,0,3441,3318,800,1.0
mkt_pos250,3.0,-4257,-0.59,2,3534,3318,1208,1.0
mkt_pos250,10.0,-2847,-0.32,1,3678,3318,1791,1.0
mkt_streak,1.0,55,0.02,3,3343,3318,439,1.0
mkt_streak,3.0,-98,-0.02,1,3476,3318,1029,1.0
mkt_streak,10.0,-3852,-0.56,2,3675,3318,1806,1.0
mkt_hhll5,1.0,-8801,-1.84,0,3433,3318,799,1.0
mkt_hhll5,3.0,-10122,-1.42,1,3558,3318,1452,1.0
mkt_hhll5,10.0,-11458,-1.29,1,3729,3318,2229,1.0
mkt_skew60,1.0,143,0.04,3,3357,3318,450,1.0
mkt_skew60,3.0,2365,0.39,2,3440,3318,1062,0.99
mkt_skew60,10.0,-47,-0.01,2,3682,3318,1952,1.0
mkt_dsma200,1.0,-3981,-0.59,2,3432,3318,813,1.0
mkt_dsma200,3.0,-6246,-0.85,1,3504,3318,1167,1.0
mkt_dsma200,10.0,-4296,-0.51,1,3614,3318,1676,1.0
mkt_trend50_200,1.0,-3557,-1.07,1,3300,3318,392,1.0
mkt_trend50_200,3.0,-8602,-1.34,1,3416,3318,904,1.0
mkt_trend50_200,10.0,-10825,-1.31,1,3618,3318,1517,1.0
mkt_xq5z,1.0,2349,0.47,2,3435,3318,841,0.99
mkt_xq5z,3.0,1079,0.15,1,3597,3318,1458,1.0
mkt_xq5z,10.0,258,0.03,2,3706,3318,2054,1.0
mkt_xi5z,1.0,-1273,-0.26,2,3438,3318,875,1.0
mkt_xi5z,3.0,-4651,-0.62,2,3623,3318,1625,1.0
mkt_xi5z,10.0,-2995,-0.32,1,3755,3318,2336,1.0
mkt_spy_gapz,1.0,831,0.53,3,3324,3318,212,0.97
mkt_spy_gapz,3.0,2028,0.6,4,3363,3318,535,0.96
mkt_spy_gapz,10.0,-74,-0.01,1,3458,3318,1153,1.0
mkt_spy_ret1z,1.0,-1271,-0.4,2,3353,3318,595,1.0
mkt_spy_ret1z,3.0,179,0.04,1,3496,3318,1251,1.0
mkt_spy_ret1z,10.0,-361,-0.05,2,3666,3318,2084,1.0
mkt_spy_dsma20,1.0,-8136,-1.4,1,3447,3318,902,1.0
mkt_spy_dsma20,3.0,-9812,-1.36,2,3591,3318,1381,1.0
mkt_spy_dsma20,10.0,-11392,-1.34,1,3729,3318,1999,1.0
mkt_ridge,1.0,-11546,-1.35,1,3635,3318,1834,1.0
mkt_ridge,3.0,-7666,-0.78,1,3752,3318,2494,1.0
mkt_ridge,10.0,-13936,-1.28,0,3822,3318,2940,1.0
