feat,grp,op,thr,lab,n_veto,veto_pnl,rest_pnl,diff,t,yrs,all_yrs
ret1z_s,all,<=,-1.2093334278127943,bottom 10%,810,3.43,6.75,-3.32,-1.1,"[np.float64(-10.7), np.float64(5.2), np.float64(-6.3), np.float64(-4.9), np.float64(4.1), np.float64(-13.3)]",False
ret1z_s,all,<=,-0.7302072273145291,bottom 20%,1619,7.18,6.22,0.96,0.42,"[np.float64(-8.5), np.float64(-1.2), np.float64(7.2), np.float64(-4.8), np.float64(8.8), np.float64(-3.6)]",False
ret1z_s,all,>=,0.7920163595817163,top 20%,1619,4.73,6.84,-2.11,-0.95,"[np.float64(-3.0), np.float64(2.5), np.float64(-3.8), np.float64(-7.4), np.float64(2.3), np.float64(-9.2)]",False
ret1z_s,all,>=,1.2426303416767812,top 10%,810,4.9,6.58,-1.69,-0.57,"[np.float64(-22.1), np.float64(7.6), np.float64(0.1), np.float64(-9.0), np.float64(-5.5), np.float64(1.7)]",False
ret2z_s,all,<=,-1.2032128122750982,bottom 10%,810,3.99,6.69,-2.7,-0.9,"[np.float64(-8.5), np.float64(8.1), np.float64(1.9), np.float64(-3.9), np.float64(-10.3), np.float64(-7.3)]",False
ret2z_s,all,<=,-0.7231343057017161,bottom 20%,1619,5.55,6.63,-1.08,-0.48,"[np.float64(-5.2), np.float64(2.8), np.float64(0.1), np.float64(-0.3), np.float64(-3.8), np.float64(-1.2)]",False
ret2z_s,all,>=,0.8457586030164349,top 20%,1619,6.42,6.41,0.01,0.0,"[np.float64(-16.0), np.float64(4.8), np.float64(3.1), np.float64(-5.6), np.float64(4.9), np.float64(-5.1)]",False
ret2z_s,all,>=,1.2827132161910768,top 10%,810,4.48,6.63,-2.15,-0.75,"[np.float64(-18.5), np.float64(1.0), np.float64(-3.2), np.float64(-7.2), np.float64(3.8), np.float64(-2.1)]",False
ret5z_s,all,<=,-1.0907011896594718,bottom 10%,810,2.87,6.81,-3.94,-1.3,"[np.float64(-17.3), np.float64(0.2), np.float64(-5.8), np.float64(-3.5), np.float64(-7.4), np.float64(2.7)]",False
ret5z_s,all,<=,-0.6576004001412326,bottom 20%,1619,6.13,6.49,-0.35,-0.16,"[np.float64(-1.3), np.float64(6.6), np.float64(-6.9), np.float64(1.3), np.float64(1.4), np.float64(-2.9)]",False
ret5z_s,all,>=,0.9519254754148815,top 20%,1619,8.41,5.92,2.5,1.14,"[np.float64(-8.2), np.float64(4.3), np.float64(7.2), np.float64(4.9), np.float64(-4.1), np.float64(7.3)]",False
ret5z_s,all,>=,1.4037364546406341,top 10%,810,7.68,6.27,1.4,0.48,"[np.float64(-25.3), np.float64(5.9), np.float64(9.0), np.float64(-0.9), np.float64(-3.6), np.float64(10.0)]",False
ret10z_s,all,<=,-0.9681683487823419,bottom 10%,810,5.97,6.47,-0.5,-0.17,"[np.float64(-6.0), np.float64(-1.0), np.float64(-16.3), np.float64(-1.1), np.float64(6.1), np.float64(14.8)]",False
ret10z_s,all,<=,-0.5491671939001728,bottom 20%,1619,6.91,6.29,0.62,0.28,"[np.float64(3.8), np.float64(1.5), np.float64(-9.7), np.float64(-6.2), np.float64(4.5), np.float64(11.2)]",False
ret10z_s,all,>=,1.08535355616206,top 20%,1619,6.61,6.37,0.25,0.11,"[np.float64(-23.5), np.float64(10.5), np.float64(-2.0), np.float64(7.8), np.float64(-6.7), np.float64(4.8)]",False
ret10z_s,all,>=,1.527242722163825,top 10%,810,7.82,6.26,1.56,0.52,"[np.float64(-41.5), np.float64(15.1), np.float64(0.3), np.float64(3.7), np.float64(-4.5), np.float64(11.6)]",False
ret20z_s,all,<=,-0.82207317277655,bottom 10%,810,5.05,6.57,-1.51,-0.52,"[np.float64(-8.5), np.float64(-11.0), np.float64(-10.9), np.float64(-2.8), np.float64(7.2), np.float64(15.9)]",False
ret20z_s,all,<=,-0.4214649049033525,bottom 20%,1619,5.41,6.67,-1.25,-0.56,"[np.float64(8.1), np.float64(-5.2), np.float64(-8.2), np.float64(-0.5), np.float64(-3.2), np.float64(11.0)]",False
ret20z_s,all,>=,1.2406057676277862,top 20%,1619,8.4,5.92,2.48,1.1,"[np.float64(-7.6), np.float64(0.8), np.float64(8.8), np.float64(19.6), np.float64(2.6), np.float64(-7.1)]",False
ret20z_s,all,>=,1.6955092006121724,top 10%,810,9.32,6.09,3.23,1.05,"[np.float64(-7.5), np.float64(2.8), np.float64(-0.8), np.float64(15.5), np.float64(7.5), np.float64(-2.7)]",False
xs5z_s,all,<=,-1.0335017743453518,bottom 10%,810,2.61,6.84,-4.23,-1.41,"[np.float64(-13.1), np.float64(-4.2), np.float64(-1.9), np.float64(-5.1), np.float64(-11.0), np.float64(3.9)]",True
xs5z_s,all,<=,-0.6373955221142468,bottom 20%,1619,2.85,7.31,-4.46,-1.97,"[np.float64(-15.0), np.float64(2.0), np.float64(-3.6), np.float64(-7.3), np.float64(-10.4), np.float64(-1.4)]",True
xs5z_s,all,>=,0.6590055201719689,top 20%,1619,9.02,5.76,3.26,1.48,"[np.float64(-12.5), np.float64(3.2), np.float64(0.3), np.float64(6.2), np.float64(5.2), np.float64(8.5)]",False
xs5z_s,all,>=,1.1289965067440433,top 10%,810,6.67,6.39,0.28,0.1,"[np.float64(-31.9), np.float64(4.2), np.float64(2.5), np.float64(-2.2), np.float64(-0.3), np.float64(6.2)]",False
xs20z_s,all,<=,-0.9832706371945912,bottom 10%,810,3.1,6.78,-3.68,-1.22,"[np.float64(-22.6), np.float64(-8.2), np.float64(-12.2), np.float64(-1.6), np.float64(-2.2), np.float64(10.7)]",True
xs20z_s,all,<=,-0.5876820856960073,bottom 20%,1619,2.24,7.46,-5.22,-2.29,"[np.float64(-14.6), np.float64(-11.5), np.float64(-8.7), np.float64(0.7), np.float64(-4.2), np.float64(3.6)]",False
xs20z_s,all,>=,0.8414370251115326,top 20%,1619,6.92,6.29,0.63,0.28,"[np.float64(-4.9), np.float64(-0.0), np.float64(2.9), np.float64(3.8), np.float64(3.1), np.float64(-2.5)]",False
xs20z_s,all,>=,1.295604151910733,top 10%,810,9.56,6.07,3.49,1.16,"[np.float64(-6.1), np.float64(3.1), np.float64(0.0), np.float64(5.6), np.float64(6.7), np.float64(6.5)]",False
rsi2c_s,all,<=,-39.87276066429467,bottom 10%,810,5.11,6.56,-1.45,-0.48,"[np.float64(-14.9), np.float64(-2.8), np.float64(-9.3), np.float64(6.1), np.float64(7.8), np.float64(0.9)]",False
rsi2c_s,all,<=,-29.979532304627988,bottom 20%,1619,5.06,6.75,-1.69,-0.75,"[np.float64(-1.5), np.float64(-3.0), np.float64(-3.1), np.float64(2.7), np.float64(3.2), np.float64(-6.0)]",False
rsi2c_s,all,>=,36.202307196831455,top 20%,1619,5.23,6.71,-1.48,-0.68,"[np.float64(-14.9), np.float64(2.5), np.float64(-0.5), np.float64(-3.3), np.float64(-2.4), np.float64(-0.3)]",True
rsi2c_s,all,>=,44.36096788976969,top 10%,810,6.5,6.41,0.09,0.03,"[np.float64(-10.6), np.float64(-1.8), np.float64(4.4), np.float64(6.9), np.float64(-2.1), np.float64(2.2)]",False
rsi14c_s,all,<=,-9.893880171345653,bottom 10%,810,5.73,6.49,-0.76,-0.26,"[np.float64(9.9), np.float64(2.0), np.float64(-15.9), np.float64(-1.4), np.float64(2.1), np.float64(10.8)]",False
rsi14c_s,all,<=,-5.011136491780773,bottom 20%,1619,5.75,6.58,-0.83,-0.37,"[np.float64(3.3), np.float64(0.7), np.float64(-6.6), np.float64(-10.0), np.float64(2.4), np.float64(6.6)]",False
rsi14c_s,all,>=,15.220515924309343,top 20%,1619,5.57,6.63,-1.05,-0.47,"[np.float64(-14.1), np.float64(3.7), np.float64(-3.1), np.float64(11.5), np.float64(-1.9), np.float64(-7.3)]",False
rsi14c_s,all,>=,19.80447852860054,top 10%,810,6.19,6.44,-0.25,-0.08,"[np.float64(-18.9), np.float64(5.4), np.float64(-0.7), np.float64(18.7), np.float64(-6.4), np.float64(-4.4)]",False
clv_s,all,<=,-0.4103436018597129,bottom 10%,810,8.32,6.2,2.12,0.72,"[np.float64(3.2), np.float64(-5.4), np.float64(15.1), np.float64(-3.9), np.float64(1.5), np.float64(3.5)]",False
clv_s,all,<=,-0.30734018159331283,bottom 20%,1619,9.0,5.77,3.24,1.46,"[np.float64(-6.1), np.float64(0.8), np.float64(14.1), np.float64(-5.0), np.float64(4.8), np.float64(3.5)]",False
clv_s,all,>=,0.33327659501446394,top 20%,1619,2.05,7.51,-5.46,-2.47,"[np.float64(-11.6), np.float64(-5.9), np.float64(-9.9), np.float64(1.3), np.float64(-1.3), np.float64(-7.0)]",True
clv_s,all,>=,0.4206169622376777,top 10%,810,0.2,7.11,-6.91,-2.37,"[np.float64(-11.3), np.float64(-12.9), np.float64(-9.0), np.float64(4.3), np.float64(1.2), np.float64(-9.9)]",False
clv3_s,all,<=,-0.20766604523754575,bottom 10%,810,7.42,6.3,1.11,0.38,"[np.float64(-5.7), np.float64(8.7), np.float64(6.1), np.float64(-0.7), np.float64(-2.0), np.float64(-3.8)]",False
clv3_s,all,<=,-0.13252444978757688,bottom 20%,1619,7.75,6.08,1.67,0.74,"[np.float64(8.4), np.float64(8.7), np.float64(0.5), np.float64(-1.0), np.float64(-1.7), np.float64(-0.2)]",False
clv3_s,all,>=,0.16642422447830973,top 20%,1619,8.02,6.01,2.0,0.91,"[np.float64(0.6), np.float64(-4.3), np.float64(1.0), np.float64(15.4), np.float64(5.7), np.float64(0.5)]",False
clv3_s,all,>=,0.24315143720859983,top 10%,810,7.6,6.28,1.31,0.45,"[np.float64(-1.4), np.float64(-2.2), np.float64(4.0), np.float64(5.1), np.float64(9.9), np.float64(-6.7)]",False
dsma10_s,all,<=,-1.2255306899194982,bottom 10%,810,3.51,6.74,-3.23,-1.07,"[np.float64(-6.7), np.float64(-0.7), np.float64(-16.7), np.float64(4.5), np.float64(4.9), np.float64(-1.7)]",False
dsma10_s,all,<=,-0.7013894751487217,bottom 20%,1619,4.93,6.79,-1.85,-0.82,"[np.float64(3.6), np.float64(1.6), np.float64(-11.3), np.float64(-1.8), np.float64(0.2), np.float64(1.0)]",False
dsma10_s,all,>=,1.1329965303928304,top 20%,1619,6.43,6.41,0.02,0.01,"[np.float64(-19.4), np.float64(6.6), np.float64(2.8), np.float64(2.6), np.float64(-6.4), np.float64(3.7)]",False
dsma10_s,all,>=,1.6288811968173584,top 10%,810,10.18,6.0,4.19,1.46,"[np.float64(-27.1), np.float64(12.6), np.float64(4.1), np.float64(6.5), np.float64(-0.6), np.float64(12.4)]",False
dsma20_s,all,<=,-1.585034923596977,bottom 10%,810,6.46,6.41,0.05,0.02,"[np.float64(24.6), np.float64(4.5), np.float64(-13.6), np.float64(0.9), np.float64(1.0), np.float64(3.8)]",False
dsma20_s,all,<=,-0.8492651361409573,bottom 20%,1619,5.39,6.67,-1.28,-0.57,"[np.float64(6.1), np.float64(2.7), np.float64(-11.6), np.float64(-8.8), np.float64(3.3), np.float64(3.6)]",False
dsma20_s,all,>=,1.8981647092705203,top 20%,1619,5.59,6.62,-1.03,-0.47,"[np.float64(-23.9), np.float64(2.4), np.float64(0.6), np.float64(9.1), np.float64(-1.3), np.float64(-2.9)]",False
dsma20_s,all,>=,2.615346548439668,top 10%,810,8.91,6.14,2.77,0.93,"[np.float64(-27.6), np.float64(18.4), np.float64(3.4), np.float64(6.2), np.float64(-9.3), np.float64(7.7)]",False
dsma50_s,all,<=,-1.954259448406693,bottom 10%,810,6.82,6.37,0.45,0.16,"[np.float64(-0.5), np.float64(-7.9), np.float64(-4.2), np.float64(-2.6), np.float64(6.0), np.float64(10.5)]",False
dsma50_s,all,<=,-0.8800806345751796,bottom 20%,1619,8.1,5.99,2.11,0.95,"[np.float64(15.7), np.float64(-0.6), np.float64(2.8), np.float64(-9.2), np.float64(1.3), np.float64(10.8)]",False
dsma50_s,all,>=,3.6329665409321947,top 20%,1619,4.44,6.91,-2.47,-1.08,"[np.float64(-18.2), np.float64(2.4), np.float64(-5.4), np.float64(13.9), np.float64(-0.5), np.float64(-13.4)]",False
dsma50_s,all,>=,4.615918416311663,top 10%,810,5.59,6.51,-0.92,-0.3,"[np.float64(-19.4), np.float64(1.4), np.float64(-8.3), np.float64(16.0), np.float64(2.3), np.float64(-8.8)]",False
macd_h_s,all,<=,-0.2884857399143509,bottom 10%,810,3.99,6.68,-2.7,-0.89,"[np.float64(42.8), np.float64(-5.8), np.float64(-17.6), np.float64(-0.1), np.float64(0.0), np.float64(0.4)]",False
macd_h_s,all,<=,-0.19010545481233254,bottom 20%,1619,3.92,7.04,-3.12,-1.38,"[np.float64(21.1), np.float64(-7.7), np.float64(-12.3), np.float64(-1.3), np.float64(0.2), np.float64(-1.2)]",False
macd_h_s,all,>=,0.1911821893245611,top 20%,1619,10.83,5.31,5.52,2.5,"[np.float64(-26.8), np.float64(20.2), np.float64(13.8), np.float64(6.7), np.float64(-7.2), np.float64(7.0)]",False
macd_h_s,all,>=,0.29940468888095867,top 10%,810,10.34,5.98,4.36,1.5,"[np.float64(-42.3), np.float64(20.2), np.float64(2.6), np.float64(9.7), np.float64(-9.2), np.float64(14.7)]",False
macd_slope_s,all,<=,-0.07975134208899051,bottom 10%,810,6.45,6.41,0.04,0.01,"[np.float64(-21.4), np.float64(5.4), np.float64(15.8), np.float64(2.6), np.float64(-8.1), np.float64(-3.6)]",False
macd_slope_s,all,<=,-0.05431495047394347,bottom 20%,1619,7.27,6.2,1.06,0.47,"[np.float64(-13.4), np.float64(4.3), np.float64(5.3), np.float64(5.1), np.float64(2.4), np.float64(-3.5)]",False
macd_slope_s,all,>=,0.043674615204969916,top 20%,1619,5.59,6.62,-1.04,-0.48,"[np.float64(-15.2), np.float64(-4.5), np.float64(2.2), np.float64(-9.0), np.float64(3.0), np.float64(5.2)]",False
macd_slope_s,all,>=,0.07021748907616418,top 10%,810,9.31,6.09,3.22,1.14,"[np.float64(-16.6), np.float64(-1.9), np.float64(8.0), np.float64(-3.3), np.float64(9.2), np.float64(9.1)]",False
di_s,all,<=,-12.878264281283734,bottom 10%,810,7.89,6.25,1.64,0.56,"[np.float64(33.1), np.float64(1.6), np.float64(-15.0), np.float64(-0.6), np.float64(4.2), np.float64(9.9)]",False
di_s,all,<=,-6.877083270317801,bottom 20%,1619,7.39,6.17,1.22,0.54,"[np.float64(10.2), np.float64(2.8), np.float64(-8.0), np.float64(-9.3), np.float64(6.1), np.float64(7.1)]",False
di_s,all,>=,15.877844433054854,top 20%,1619,5.12,6.74,-1.62,-0.71,"[np.float64(-21.9), np.float64(2.1), np.float64(1.8), np.float64(9.8), np.float64(-5.1), np.float64(-2.9)]",False
di_s,all,>=,21.596920959459247,top 10%,810,6.59,6.4,0.2,0.06,"[np.float64(-39.3), np.float64(5.6), np.float64(-2.9), np.float64(11.3), np.float64(1.9), np.float64(5.4)]",False
pctb_s,all,<=,-0.35362786937772434,bottom 10%,810,6.03,6.46,-0.42,-0.14,"[np.float64(27.4), np.float64(0.0), np.float64(-7.6), np.float64(-0.6), np.float64(-3.7), np.float64(4.2)]",False
pctb_s,all,<=,-0.21304197441178285,bottom 20%,1619,5.32,6.69,-1.37,-0.6,"[np.float64(0.8), np.float64(4.0), np.float64(-14.7), np.float64(-3.6), np.float64(1.9), np.float64(5.5)]",False
pctb_s,all,>=,0.36039358378285014,top 20%,1619,2.86,7.3,-4.44,-2.03,"[np.float64(-24.2), np.float64(3.6), np.float64(-5.2), np.float64(-5.7), np.float64(-6.5), np.float64(-2.9)]",True
pctb_s,all,>=,0.447669531019081,top 10%,810,6.06,6.45,-0.4,-0.14,"[np.float64(-24.9), np.float64(10.3), np.float64(1.9), np.float64(-3.4), np.float64(-4.1), np.float64(0.9)]",False
stoch14_s,all,<=,-0.3605415063818278,bottom 10%,810,4.34,6.65,-2.3,-0.77,"[np.float64(6.0), np.float64(-4.0), np.float64(-9.0), np.float64(5.2), np.float64(-2.8), np.float64(1.8)]",False
stoch14_s,all,<=,-0.2301374100786147,bottom 20%,1619,3.62,7.11,-3.5,-1.54,"[np.float64(6.7), np.float64(-2.1), np.float64(-12.7), np.float64(-11.3), np.float64(0.7), np.float64(2.4)]",False
stoch14_s,all,>=,0.38110273818045265,top 20%,1619,5.45,6.66,-1.2,-0.56,"[np.float64(-16.4), np.float64(7.8), np.float64(-2.7), np.float64(-1.9), np.float64(-3.2), np.float64(-4.8)]",True
stoch14_s,all,>=,0.441459495726182,top 10%,810,3.41,6.75,-3.34,-1.17,"[np.float64(-17.8), np.float64(7.3), np.float64(-7.7), np.float64(5.2), np.float64(-7.5), np.float64(-11.4)]",False
upcount10_s,all,<=,-1.0,bottom 10%,2149,4.44,7.13,-2.69,-1.32,"[np.float64(-3.1), np.float64(-9.4), np.float64(-7.7), np.float64(8.7), np.float64(-1.1), np.float64(3.2)]",False
upcount10_s,all,>=,2.0,top 20%,1951,6.18,6.49,-0.32,-0.15,"[np.float64(-14.6), np.float64(10.8), np.float64(4.2), np.float64(4.3), np.float64(-4.3), np.float64(-10.1)]",False
gap_s,all,<=,-0.420553372316902,bottom 10%,810,9.17,6.11,3.06,1.06,"[np.float64(-16.2), np.float64(7.3), np.float64(9.0), np.float64(-14.3), np.float64(10.6), np.float64(4.7)]",False
gap_s,all,<=,-0.24098159585494555,bottom 20%,1619,5.49,6.65,-1.15,-0.52,"[np.float64(-16.1), np.float64(-0.6), np.float64(5.3), np.float64(-12.9), np.float64(4.7), np.float64(-0.5)]",False
gap_s,all,>=,0.25368201255424777,top 20%,1619,9.46,5.65,3.81,1.72,"[np.float64(9.2), np.float64(7.1), np.float64(3.6), np.float64(0.5), np.float64(1.4), np.float64(0.3)]",False
gap_s,all,>=,0.3948767622817317,top 10%,810,9.45,6.08,3.38,1.18,"[np.float64(-0.2), np.float64(9.5), np.float64(6.5), np.float64(2.7), np.float64(2.3), np.float64(-7.6)]",False
spy_ret1z_s,all,<=,-1.2415312932341542,bottom 10%,816,7.88,6.25,1.63,0.55,"[np.float64(-42.1), np.float64(8.3), np.float64(17.2), np.float64(-23.4), np.float64(11.7), np.float64(-1.6)]",False
spy_ret1z_s,all,<=,-0.7258268006380961,bottom 20%,1624,10.44,5.41,5.03,2.27,"[np.float64(-4.0), np.float64(14.1), np.float64(13.4), np.float64(-10.5), np.float64(14.8), np.float64(-8.0)]",False
spy_ret1z_s,all,>=,0.9202081615903224,top 20%,1619,5.89,6.55,-0.66,-0.29,"[np.float64(-18.4), np.float64(11.9), np.float64(2.0), np.float64(-2.1), np.float64(-6.4), np.float64(-4.2)]",False
spy_ret1z_s,all,>=,1.327338397625451,top 10%,812,5.65,6.5,-0.86,-0.29,"[np.float64(-8.1), np.float64(1.2), np.float64(7.0), np.float64(-6.9), np.float64(-5.1), np.float64(2.0)]",False
spy_ret5z_s,all,<=,-1.044461040897004,bottom 10%,810,5.03,6.57,-1.54,-0.53,"[np.float64(-22.4), np.float64(4.9), np.float64(-3.9), np.float64(-10.6), np.float64(8.9), np.float64(2.6)]",False
spy_ret5z_s,all,<=,-0.6100113468496948,bottom 20%,1619,6.43,6.41,0.02,0.01,"[np.float64(-3.7), np.float64(8.8), np.float64(-2.8), np.float64(-5.9), np.float64(2.7), np.float64(0.0)]",False
spy_ret5z_s,all,>=,1.0320768795745745,top 20%,1624,2.31,7.45,-5.14,-2.29,"[np.float64(-27.0), np.float64(2.1), np.float64(15.4), np.float64(-2.9), np.float64(-16.9), np.float64(-9.8)]",False
spy_ret5z_s,all,>=,1.484778408140344,top 10%,814,-3.39,7.51,-10.9,-3.76,"[np.float64(-27.7), np.float64(0.4), np.float64(10.9), np.float64(1.5), np.float64(-33.7), np.float64(-17.6)]",False
spy_rsi2c_s,all,<=,-38.672526088934234,bottom 10%,814,9.74,6.04,3.7,1.24,"[np.float64(-18.3), np.float64(1.6), np.float64(10.1), np.float64(1.2), np.float64(8.3), np.float64(10.4)]",False
spy_rsi2c_s,all,<=,-27.966034884307163,bottom 20%,1624,6.5,6.39,0.11,0.05,"[np.float64(-7.3), np.float64(-1.2), np.float64(7.2), np.float64(-4.8), np.float64(-1.8), np.float64(5.3)]",False
spy_rsi2c_s,all,>=,40.08179363788315,top 20%,1622,3.77,7.08,-3.31,-1.49,"[np.float64(-14.2), np.float64(2.9), np.float64(15.4), np.float64(-5.9), np.float64(-9.4), np.float64(-16.2)]",False
spy_rsi2c_s,all,>=,45.777496131457454,top 10%,817,5.37,6.53,-1.17,-0.39,"[np.float64(-7.6), np.float64(-0.4), np.float64(29.4), np.float64(5.9), np.float64(-12.0), np.float64(-10.1)]",False
spy_dsma20_s,all,<=,-0.0229897873501822,bottom 10%,812,14.18,5.55,8.63,3.06,"[np.float64(20.9), np.float64(13.6), np.float64(3.0), np.float64(6.6), np.float64(18.5), np.float64(20.8)]",False
spy_dsma20_s,all,<=,-0.010405262030254336,bottom 20%,1619,12.09,5.0,7.09,3.32,"[np.float64(13.9), np.float64(23.5), np.float64(-4.8), np.float64(4.3), np.float64(17.4), np.float64(9.3)]",False
spy_dsma20_s,all,>=,0.0243652983446347,top 20%,1619,8.86,5.8,3.06,1.37,"[np.float64(-20.4), np.float64(17.2), np.float64(9.6), np.float64(10.3), np.float64(-6.7), np.float64(0.2)]",False
spy_dsma20_s,all,>=,0.032962175723431075,top 10%,811,6.77,6.38,0.4,0.14,"[np.float64(-44.6), np.float64(17.1), np.float64(11.9), np.float64(0.7), np.float64(17.4), np.float64(-2.0)]",False
ret_today_s,all,<=,-1.2921499933200893,bottom 10%,810,4.98,6.57,-1.59,-0.52,"[np.float64(-14.6), np.float64(10.0), np.float64(-0.2), np.float64(11.7), np.float64(-2.2), np.float64(-19.4)]",False
ret_today_s,all,<=,-0.803815721616223,bottom 20%,1619,4.79,6.82,-2.04,-0.9,"[np.float64(-3.8), np.float64(2.9), np.float64(-2.1), np.float64(0.8), np.float64(0.7), np.float64(-12.2)]",False
ret_today_s,all,>=,0.6887140652162889,top 20%,1619,9.67,5.6,4.07,1.86,"[np.float64(3.5), np.float64(3.3), np.float64(11.6), np.float64(-2.7), np.float64(9.1), np.float64(-4.5)]",False
ret_today_s,all,>=,1.1446630132288604,top 10%,810,10.84,5.92,4.91,1.69,"[np.float64(-0.7), np.float64(3.2), np.float64(19.6), np.float64(7.8), np.float64(1.1), np.float64(-0.7)]",False
adx14,bull_put,<=,13.650655547494106,bottom 10%,629,2.63,8.28,-5.66,-1.69,"[np.float64(-22.9), np.float64(-5.7), np.float64(20.6), np.float64(3.8), np.float64(-1.5), np.float64(-14.9)]",False
adx14,bull_put,<=,15.706732811861418,bottom 20%,1258,6.51,8.02,-1.51,-0.59,"[np.float64(-14.5), np.float64(-1.6), np.float64(22.5), np.float64(-8.5), np.float64(0.3), np.float64(-2.8)]",False
adx14,bull_put,>=,31.48653761368953,top 20%,1258,9.59,7.25,2.34,0.84,"[np.float64(-14.4), np.float64(-2.6), np.float64(-5.3), np.float64(21.1), np.float64(7.7), np.float64(3.3)]",False
adx14,bull_put,>=,38.138088286814316,top 10%,629,8.57,7.62,0.95,0.25,"[np.float64(-15.2), np.float64(0.4), np.float64(-12.2), np.float64(13.6), np.float64(8.7), np.float64(-5.3)]",False
adx14,bear_call,<=,14.289776616319841,bottom 10%,181,-3.18,2.44,-5.62,-1.11,"[np.float64(-0.8), np.float64(-21.5), np.float64(2.5), np.float64(-8.5), np.float64(-17.7), np.float64(-4.7)]",True
adx14,bear_call,<=,16.22686345698082,bottom 20%,361,0.25,2.28,-2.03,-0.53,"[np.float64(1.9), np.float64(6.4), np.float64(6.2), np.float64(-13.0), np.float64(-11.6), np.float64(-5.0)]",False
adx14,bear_call,>=,32.02301717177235,top 20%,361,3.35,1.51,1.84,0.5,"[np.float64(-16.3), np.float64(4.1), np.float64(-5.9), np.float64(15.4), np.float64(21.6), np.float64(-10.3)]",False
adx14,bear_call,>=,37.45641451270862,top 10%,181,5.44,1.48,3.96,0.77,"[np.float64(-37.1), np.float64(-20.4), np.float64(-1.0), np.float64(15.5), np.float64(20.5), np.float64(-8.8)]",False
bbw_pct,bull_put,<=,0.08333333333333333,bottom 10%,646,8.46,7.63,0.83,0.23,"[np.float64(-5.1), np.float64(-0.8), np.float64(-5.1), np.float64(18.2), np.float64(3.0), np.float64(-3.3)]",False
bbw_pct,bull_put,<=,0.175,bottom 20%,1286,9.93,7.15,2.78,1.04,"[np.float64(5.2), np.float64(1.8), np.float64(-19.6), np.float64(17.7), np.float64(-0.8), np.float64(2.7)]",False
bbw_pct,bull_put,>=,0.7916666666666666,top 20%,1290,8.49,7.52,0.97,0.36,"[np.float64(-14.4), np.float64(-0.1), np.float64(-2.2), np.float64(7.3), np.float64(3.0), np.float64(7.8)]",False
bbw_pct,bull_put,>=,0.9083333333333333,top 10%,660,15.55,6.8,8.76,2.48,"[np.float64(-39.7), np.float64(11.1), np.float64(1.1), np.float64(15.9), np.float64(10.3), np.float64(21.4)]",False
bbw_pct,bear_call,<=,0.09166666666666666,bottom 10%,197,7.41,1.2,6.21,1.32,"[np.float64(14.2), np.float64(-6.5), np.float64(11.7), np.float64(-12.4), np.float64(-3.9), np.float64(26.0)]",False
bbw_pct,bear_call,<=,0.2050000000000002,bottom 20%,361,-0.39,2.44,-2.83,-0.76,"[np.float64(6.8), np.float64(-16.2), np.float64(-0.6), np.float64(-5.7), np.float64(-15.3), np.float64(5.3)]",False
bbw_pct,bear_call,>=,0.8666666666666667,top 20%,362,-5.82,3.81,-9.62,-2.58,"[np.float64(-44.8), np.float64(-19.6), np.float64(-4.1), np.float64(-13.3), np.float64(0.1), np.float64(-21.7)]",True
bbw_pct,bear_call,>=,0.95,top 10%,189,-1.43,2.26,-3.7,-0.78,"[np.float64(-45.0), np.float64(3.7), np.float64(4.6), np.float64(-0.2), np.float64(4.7), np.float64(-27.6)]",False
atr_ratio,bull_put,<=,0.744330325596754,bottom 10%,629,8.14,7.67,0.47,0.14,"[np.float64(6.2), np.float64(1.6), np.float64(2.0), np.float64(16.9), np.float64(-7.9), np.float64(-4.3)]",False
atr_ratio,bull_put,<=,0.8159515697641021,bottom 20%,1258,9.32,7.32,2.0,0.77,"[np.float64(8.2), np.float64(2.8), np.float64(4.9), np.float64(12.5), np.float64(-0.3), np.float64(-6.4)]",False
atr_ratio,bull_put,>=,1.1884384102477858,top 20%,1258,6.77,7.95,-1.19,-0.44,"[np.float64(-5.0), np.float64(3.4), np.float64(7.9), np.float64(-20.3), np.float64(-6.7), np.float64(2.3)]",False
atr_ratio,bull_put,>=,1.3359950111680412,top 10%,629,4.18,8.11,-3.93,-1.1,"[np.float64(-18.1), np.float64(-2.1), np.float64(10.9), np.float64(-9.9), np.float64(-8.3), np.float64(-0.1)]",True
atr_ratio,bear_call,<=,0.7572737405092315,bottom 10%,181,0.54,2.03,-1.49,-0.32,"[np.float64(24.1), np.float64(31.9), np.float64(-10.9), np.float64(3.3), np.float64(11.0), np.float64(0.9)]",False
atr_ratio,bear_call,<=,0.8302635694738806,bottom 20%,361,1.03,2.09,-1.06,-0.3,"[np.float64(-3.0), np.float64(33.1), np.float64(-3.4), np.float64(3.4), np.float64(0.2), np.float64(-4.1)]",False
atr_ratio,bear_call,>=,1.155665315022807,top 20%,361,-3.3,3.17,-6.47,-1.72,"[np.float64(0.8), np.float64(-20.0), np.float64(-3.1), np.float64(-9.6), np.float64(-2.5), np.float64(-10.3)]",True
atr_ratio,bear_call,>=,1.269466797696055,top 10%,181,-9.26,3.12,-12.38,-2.59,"[np.float64(-2.5), np.float64(-13.8), np.float64(-17.1), np.float64(-19.2), np.float64(4.8), np.float64(-14.0)]",True
nr7,bull_put,>=,1.0,flag = 1,979,9.8,7.33,2.46,0.85,"[np.float64(-5.1), np.float64(-5.3), np.float64(5.9), np.float64(9.6), np.float64(5.2), np.float64(10.5)]",False
nr7,bear_call,>=,1.0,flag = 1,277,7.34,0.88,6.46,1.54,"[np.float64(-20.2), np.float64(-12.4), np.float64(7.1), np.float64(2.1), np.float64(23.1), np.float64(8.3)]",False
inside,bull_put,>=,1.0,flag = 1,806,6.74,7.86,-1.12,-0.34,"[np.float64(-25.0), np.float64(14.3), np.float64(10.1), np.float64(-0.1), np.float64(-14.9), np.float64(2.2)]",False
inside,bear_call,>=,1.0,flag = 1,189,8.56,1.09,7.47,1.62,"[np.float64(-22.5), np.float64(-2.6), np.float64(11.4), np.float64(-0.3), np.float64(15.4), np.float64(13.4)]",False
rv20,bull_put,<=,0.13189063525278819,bottom 10%,629,12.06,7.23,4.83,1.59,"[np.float64(-6.7), np.float64(5.4), np.float64(11.5), np.float64(22.8), np.float64(4.0), np.float64(-5.9)]",False
rv20,bull_put,<=,0.15797262786053845,bottom 20%,1258,10.01,7.14,2.87,1.17,"[np.float64(-2.5), np.float64(9.2), np.float64(-2.2), np.float64(18.8), np.float64(-4.7), np.float64(-2.1)]",False
rv20,bull_put,>=,0.3362392164162159,top 20%,1258,9.34,7.31,2.03,0.76,"[np.float64(18.3), np.float64(-11.4), np.float64(20.0), np.float64(-3.1), np.float64(-4.8), np.float64(11.8)]",False
rv20,bull_put,>=,0.4183484337938308,top 10%,629,6.38,7.87,-1.48,-0.43,"[np.float64(18.0), np.float64(-22.8), np.float64(-19.5), np.float64(-8.5), np.float64(13.6), np.float64(18.3)]",False
rv20,bear_call,<=,0.16334903144670887,bottom 10%,181,1.52,1.92,-0.4,-0.08,"[np.float64(-22.1), np.float64(-15.4), np.float64(-1.9), np.float64(21.7), np.float64(-8.6), np.float64(-14.2)]",True
rv20,bear_call,<=,0.19513708359262535,bottom 20%,361,4.93,1.11,3.82,1.02,"[np.float64(21.1), np.float64(-2.1), np.float64(1.0), np.float64(14.7), np.float64(-8.4), np.float64(14.7)]",False
rv20,bear_call,>=,0.393879367962101,top 20%,361,-7.08,4.12,-11.2,-3.05,"[np.float64(-0.9), np.float64(44.5), np.float64(-12.6), np.float64(-14.4), np.float64(1.2), np.float64(-29.7)]",False
rv20,bear_call,>=,0.49552007081404903,top 10%,181,-6.95,2.86,-9.81,-2.07,"[np.float64(3.6), np.float64(86.2), np.float64(-15.9), np.float64(-13.7), np.float64(9.0), np.float64(-11.8)]",False
sr10,all,<=,0.5771137748356495,bottom 10%,810,1.99,6.91,-4.92,-1.68,"[np.float64(-9.8), np.float64(-14.1), np.float64(-3.0), np.float64(-3.6), np.float64(-0.5), np.float64(0.3)]",True
sr10,all,<=,0.9237568513152745,bottom 20%,1619,4.37,6.93,-2.56,-1.14,"[np.float64(-9.8), np.float64(-5.6), np.float64(-8.8), np.float64(-2.4), np.float64(3.3), np.float64(4.4)]",False
sr10,all,>=,3.2688149979815,top 20%,1619,7.96,6.03,1.94,0.88,"[np.float64(-30.4), np.float64(12.4), np.float64(3.3), np.float64(7.7), np.float64(-5.5), np.float64(6.3)]",False
sr10,all,>=,4.07423964689744,top 10%,810,7.7,6.27,1.43,0.48,"[np.float64(-48.9), np.float64(11.6), np.float64(0.5), np.float64(14.8), np.float64(-7.5), np.float64(16.7)]",False
sr20,all,<=,0.8777835873768915,bottom 10%,810,3.35,6.76,-3.41,-1.14,"[np.float64(0.2), np.float64(-5.8), np.float64(-11.9), np.float64(-2.0), np.float64(-0.4), np.float64(5.5)]",False
sr20,all,<=,1.4383715041436536,bottom 20%,1619,4.04,7.01,-2.97,-1.3,"[np.float64(4.9), np.float64(5.8), np.float64(-14.2), np.float64(-6.6), np.float64(-6.4), np.float64(4.6)]",False
sr20,all,>=,4.9731423636399805,top 20%,1619,6.6,6.37,0.24,0.11,"[np.float64(-11.3), np.float64(0.9), np.float64(0.7), np.float64(9.5), np.float64(0.4), np.float64(-2.5)]",False
sr20,all,>=,6.000658258997596,top 10%,810,8.07,6.23,1.84,0.61,"[np.float64(-17.6), np.float64(10.8), np.float64(0.2), np.float64(9.0), np.float64(3.2), np.float64(-9.7)]",False
