rule,feat,side,tail,q,thr,n_veto,t,dPnL,yrs_up,plateau,p_fwer
ret1z_s lo 5%,ret1z_s,all,lo,0.05,-1.6553350814747396,405,0.7777600857178758,1274.150000000005,3,3,1.0
ret1z_s lo 10%,ret1z_s,all,lo,0.1,-1.2093334278127943,810,1.662570044395238,3512.2750000000087,5,3,0.99
ret1z_s lo 15%,ret1z_s,all,lo,0.15,-0.9545266565366958,1214,0.02854097868010482,79.4400000000096,4,3,1.0
ret1z_s lo 20%,ret1z_s,all,lo,0.2,-0.7302072273145291,1619,-0.09473747153961874,-305.2149999999965,4,3,1.0
ret1z_s lo 25%,ret1z_s,all,lo,0.25,-0.5634110053367805,2023,-0.839653985148749,-3006.2799999999916,3,3,1.0
ret1z_s lo 30%,ret1z_s,all,lo,0.3,-0.4196163377900295,2428,-0.9831002901374877,-3914.3699999999844,2,3,1.0
ret1z_s hi 5%,ret1z_s,all,hi,0.05,1.6127244404956187,405,-1.1980289687930659,-1791.7749999999978,1,1,1.0
ret1z_s hi 10%,ret1z_s,all,hi,0.1,1.2426303416767812,810,0.006702871072484623,15.440000000002328,3,1,1.0
ret1z_s hi 15%,ret1z_s,all,hi,0.15,0.9821289651252253,1214,-0.5870374101695359,-1717.5099999999875,1,1,1.0
ret1z_s hi 20%,ret1z_s,all,hi,0.2,0.7920163595817163,1619,-0.5187105833294119,-1749.6399999999885,2,1,1.0
ret1z_s hi 25%,ret1z_s,all,hi,0.25,0.6329929482564082,2023,-1.4482871985970398,-5485.25499999999,2,1,1.0
ret1z_s hi 30%,ret1z_s,all,hi,0.3,0.4982580325999005,2428,-1.200840987700779,-4843.779999999984,1,1,1.0
ret2z_s lo 5%,ret2z_s,all,lo,0.05,-1.6535034426403037,405,0.7717568153976031,1302.2150000000038,4,5,1.0
ret2z_s lo 10%,ret2z_s,all,lo,0.1,-1.2032128122750982,810,0.71143956552441,1676.4750000000058,3,5,1.0
ret2z_s lo 15%,ret2z_s,all,lo,0.15,-0.9188657108083128,1214,0.6155695911397983,1677.8550000000032,4,5,1.0
ret2z_s lo 20%,ret2z_s,all,lo,0.2,-0.7231343057017161,1619,0.3184172376507031,1005.140000000014,5,5,1.0
ret2z_s lo 25%,ret2z_s,all,lo,0.25,-0.5546102794663843,2023,0.16221041813808706,570.835000000021,3,5,1.0
ret2z_s lo 30%,ret2z_s,all,lo,0.3,-0.3948394676783309,2428,-0.4624115955266133,-1808.1249999999854,4,5,1.0
ret2z_s hi 5%,ret2z_s,all,hi,0.05,1.6542436033469454,405,-0.5328941659711828,-905.7899999999936,3,0,1.0
ret2z_s hi 10%,ret2z_s,all,hi,0.1,1.2827132161910768,810,-0.568593161744114,-1400.0149999999958,2,0,1.0
ret2z_s hi 15%,ret2z_s,all,hi,0.15,1.0408105759780846,1214,-0.2401257626345029,-703.3749999999854,3,0,1.0
ret2z_s hi 20%,ret2z_s,all,hi,0.2,0.8457586030164349,1619,-0.5684471458172512,-1862.3799999999756,2,0,1.0
ret2z_s hi 25%,ret2z_s,all,hi,0.25,0.6828829820406407,2023,-1.3423609857584433,-4996.984999999979,0,0,1.0
ret2z_s hi 30%,ret2z_s,all,hi,0.3,0.5486383425140644,2428,-1.23939857651918,-5009.794999999987,1,0,1.0
ret5z_s lo 5%,ret5z_s,all,lo,0.05,-1.4615647331759651,405,-0.043426275620446195,-75.28499999999622,3,2,1.0
ret5z_s lo 10%,ret5z_s,all,lo,0.1,-1.0907011896594718,810,0.29598056391746236,740.3750000000146,4,2,1.0
ret5z_s lo 15%,ret5z_s,all,lo,0.15,-0.8490587995157366,1214,0.005465128281147157,17.465000000014697,3,2,1.0
ret5z_s lo 20%,ret5z_s,all,lo,0.2,-0.6576004001412326,1619,-0.39858168751620315,-1480.4699999999757,2,2,1.0
ret5z_s lo 25%,ret5z_s,all,lo,0.25,-0.5062408896693834,2023,-0.312574883517382,-1280.4499999999898,3,2,1.0
ret5z_s lo 30%,ret5z_s,all,lo,0.3,-0.3628759307996828,2428,-0.38376866657803893,-1777.6849999999868,3,2,1.0
ret5z_s hi 5%,ret5z_s,all,hi,0.05,1.7909908633697715,405,-0.3510888625148814,-502.2849999999962,3,0,1.0
ret5z_s hi 10%,ret5z_s,all,hi,0.1,1.4037364546406341,810,-0.7270882038670715,-1720.8899999999994,1,0,1.0
ret5z_s hi 15%,ret5z_s,all,hi,0.15,1.153339340432282,1214,-0.7507831130426866,-2230.739999999998,1,0,1.0
ret5z_s hi 20%,ret5z_s,all,hi,0.2,0.9519254754148815,1619,-0.8806880726338022,-3131.4149999999936,1,0,1.0
ret5z_s hi 25%,ret5z_s,all,hi,0.25,0.7817573434145312,2023,-1.0169892189882395,-4172.120000000003,2,0,1.0
ret5z_s hi 30%,ret5z_s,all,hi,0.3,0.6279865306568364,2428,-0.3758422355314735,-1678.9200000000128,3,0,1.0
ret10z_s lo 5%,ret10z_s,all,lo,0.05,-1.2954326707965962,405,0.23524585110264426,374.2850000000035,2,3,1.0
ret10z_s lo 10%,ret10z_s,all,lo,0.1,-0.9681683487823419,810,-0.02365165377218102,-56.264999999984866,2,3,1.0
ret10z_s lo 15%,ret10z_s,all,lo,0.15,-0.7252943188134551,1214,0.10532956994869913,318.2250000000131,3,3,1.0
ret10z_s lo 20%,ret10z_s,all,lo,0.2,-0.5491671939001728,1619,-0.12386541945064086,-437.04499999998734,3,3,1.0
ret10z_s lo 25%,ret10z_s,all,lo,0.25,-0.386962514173691,2023,0.022591371095708704,91.41000000001077,3,3,1.0
ret10z_s lo 30%,ret10z_s,all,lo,0.3,-0.25151244191848693,2428,-0.6007900036408652,-2762.694999999978,3,3,1.0
ret10z_s hi 5%,ret10z_s,all,hi,0.05,1.8995135457253045,405,-0.37300651070567625,-597.0499999999993,2,0,1.0
ret10z_s hi 10%,ret10z_s,all,hi,0.1,1.527242722163825,810,-0.4217940490091944,-1028.2350000000006,2,0,1.0
ret10z_s hi 15%,ret10z_s,all,hi,0.15,1.285623785965073,1214,-0.1411441246935824,-458.47000000000116,3,0,1.0
ret10z_s hi 20%,ret10z_s,all,hi,0.2,1.08535355616206,1619,-1.1719386726990741,-4414.619999999995,3,0,1.0
ret10z_s hi 25%,ret10z_s,all,hi,0.25,0.9272038107268676,2023,-1.3986786725697185,-5771.044999999991,3,0,1.0
ret10z_s hi 30%,ret10z_s,all,hi,0.3,0.7786958427631644,2428,-1.5489403159715094,-7033.989999999983,1,0,1.0
ret20z_s lo 5%,ret20z_s,all,lo,0.05,-1.1599644584327047,405,0.6766795984621654,1136.4900000000052,4,3,1.0
ret20z_s lo 10%,ret20z_s,all,lo,0.1,-0.82207317277655,810,0.48848159138031355,1159.8450000000084,4,3,1.0
ret20z_s lo 15%,ret20z_s,all,lo,0.15,-0.6059000117222668,1214,0.06859935308229487,207.09500000000844,4,3,1.0
ret20z_s lo 20%,ret20z_s,all,lo,0.2,-0.4214649049033525,1619,-0.47620661159493405,-1727.2899999999863,3,3,1.0
ret20z_s lo 25%,ret20z_s,all,lo,0.25,-0.2787714340863265,2023,-0.7097853630604011,-2915.129999999983,3,3,1.0
ret20z_s lo 30%,ret20z_s,all,lo,0.3,-0.13070945062186765,2428,-1.1624494836958061,-5338.749999999978,2,3,1.0
ret20z_s hi 5%,ret20z_s,all,hi,0.05,2.0899323462551322,405,-0.21474941272011716,-388.5649999999805,4,0,1.0
ret20z_s hi 10%,ret20z_s,all,hi,0.1,1.6955092006121724,810,-1.1655661051539719,-3026.3299999999654,2,0,1.0
ret20z_s hi 15%,ret20z_s,all,hi,0.15,1.4470008732577908,1214,-1.0535281363372535,-3452.7749999999724,2,0,1.0
ret20z_s hi 20%,ret20z_s,all,hi,0.2,1.2406057676277862,1619,-1.607378015634651,-6080.969999999961,1,0,1.0
ret20z_s hi 25%,ret20z_s,all,hi,0.25,1.0688947384371636,2023,-1.6964791456865909,-6916.65499999997,0,0,1.0
ret20z_s hi 30%,ret20z_s,all,hi,0.3,0.9239242686102713,2428,-1.7155752841362566,-7664.819999999974,0,0,1.0
xs5z_s lo 5%,xs5z_s,all,lo,0.05,-1.4242542822171138,405,-0.8793228158247732,-1235.4749999999985,3,3,1.0
xs5z_s lo 10%,xs5z_s,all,lo,0.1,-1.0335017743453518,810,-0.08756625465442598,-180.30999999999767,5,3,1.0
xs5z_s lo 15%,xs5z_s,all,lo,0.15,-0.8030164098977705,1214,0.028489893931805794,76.78500000000349,4,3,1.0
xs5z_s lo 20%,xs5z_s,all,lo,0.2,-0.6373955221142468,1619,0.28585395077581216,912.025000000016,4,3,1.0
xs5z_s lo 25%,xs5z_s,all,lo,0.25,-0.48413233139564466,2023,0.8967014524474765,3359.9450000000215,2,3,1.0
xs5z_s lo 30%,xs5z_s,all,lo,0.3,-0.35401436961093935,2428,-0.20614138457497774,-862.5849999999882,1,3,1.0
xs5z_s hi 5%,xs5z_s,all,hi,0.05,1.5139719615124536,405,0.3721450429232657,639.185000000005,4,1,1.0
xs5z_s hi 10%,xs5z_s,all,hi,0.1,1.1289965067440433,810,-0.22897062000056687,-556.5399999999936,2,1,1.0
xs5z_s hi 15%,xs5z_s,all,hi,0.15,0.8422361393933065,1214,-0.8957417562867901,-2593.434999999994,3,1,1.0
xs5z_s hi 20%,xs5z_s,all,hi,0.2,0.6590055201719689,1619,-0.7822462680097427,-2724.894999999986,3,1,1.0
xs5z_s hi 25%,xs5z_s,all,hi,0.25,0.5131129603024094,2023,-0.5643075788788696,-2191.469999999994,1,1,1.0
xs5z_s hi 30%,xs5z_s,all,hi,0.3,0.3774202530371115,2428,-0.583300502079716,-2491.3749999999927,1,1,1.0
xs20z_s lo 5%,xs20z_s,all,lo,0.05,-1.3177929815200495,405,0.3002238436996472,559.4750000000058,2,1,1.0
xs20z_s lo 10%,xs20z_s,all,lo,0.1,-0.9832706371945912,810,-0.3769486416152219,-900.16499999999,2,1,1.0
xs20z_s lo 15%,xs20z_s,all,lo,0.15,-0.7645905445847723,1214,-0.40439664890642113,-1178.0749999999898,2,1,1.0
xs20z_s lo 20%,xs20z_s,all,lo,0.2,-0.5876820856960073,1619,-0.6086409345854469,-2082.629999999983,3,1,1.0
xs20z_s lo 25%,xs20z_s,all,lo,0.25,-0.4398147437784111,2023,-0.6490671033764563,-2597.934999999983,3,1,1.0
xs20z_s lo 30%,xs20z_s,all,lo,0.3,-0.3102263246071578,2428,-1.6473816428728627,-6836.809999999983,1,1,1.0
xs20z_s hi 5%,xs20z_s,all,hi,0.05,1.6732667454439076,405,-0.7980464943786327,-1310.25499999999,2,0,1.0
xs20z_s hi 10%,xs20z_s,all,hi,0.1,1.295604151910733,810,-1.311197991542915,-3248.44999999999,1,0,1.0
xs20z_s hi 15%,xs20z_s,all,hi,0.15,1.0312836651530128,1214,-1.1847306820575956,-3722.654999999977,2,0,1.0
xs20z_s hi 20%,xs20z_s,all,hi,0.2,0.8414370251115326,1619,-0.7671859314460238,-2831.8299999999654,2,0,1.0
xs20z_s hi 25%,xs20z_s,all,hi,0.25,0.6748370909834837,2023,-0.9514083924099295,-3841.6749999999593,0,0,1.0
xs20z_s hi 30%,xs20z_s,all,hi,0.3,0.5500010675786545,2428,-1.3887141788096737,-5959.144999999953,0,0,1.0
rsi2c_s lo 5%,rsi2c_s,all,lo,0.05,-44.613049708291015,405,-0.14108700508951647,-249.15000000000146,2,4,1.0
rsi2c_s lo 10%,rsi2c_s,all,lo,0.1,-39.87276066429467,810,0.3227350370110143,775.8150000000096,4,4,1.0
rsi2c_s lo 15%,rsi2c_s,all,lo,0.15,-34.697208698152274,1214,0.3321559714799138,969.1950000000143,4,4,1.0
rsi2c_s lo 20%,rsi2c_s,all,lo,0.2,-29.979532304627988,1619,0.7242220847713852,2407.665000000008,4,4,1.0
rsi2c_s lo 25%,rsi2c_s,all,lo,0.25,-24.499226479496294,2023,0.3363822720026304,1271.250000000029,4,4,1.0
rsi2c_s lo 30%,rsi2c_s,all,lo,0.3,-18.707422442624402,2428,-0.42887663254218483,-1803.204999999958,2,4,1.0
rsi2c_s hi 5%,rsi2c_s,all,hi,0.05,47.40808945892424,405,-0.3428999520707499,-518.7999999999956,3,1,1.0
rsi2c_s hi 10%,rsi2c_s,all,hi,0.1,44.36096788976969,810,-0.4544988323998207,-1080.8550000000178,3,1,1.0
rsi2c_s hi 15%,rsi2c_s,all,hi,0.15,40.54172673460687,1214,-0.29836009154336135,-937.2900000000081,3,1,1.0
rsi2c_s hi 20%,rsi2c_s,all,hi,0.2,36.202307196831455,1619,0.11030453341515084,368.0350000000035,4,1,1.0
rsi2c_s hi 25%,rsi2c_s,all,hi,0.25,32.14067044250548,2023,-1.0489924346526915,-3888.220000000001,1,1,1.0
rsi2c_s hi 30%,rsi2c_s,all,hi,0.3,27.37104995793412,2428,-1.0354307512951064,-4450.099999999995,0,1,1.0
rsi14c_s lo 5%,rsi14c_s,all,lo,0.05,-14.129083056058008,405,0.1920095561134143,277.76000000000204,3,3,1.0
rsi14c_s lo 10%,rsi14c_s,all,lo,0.1,-9.893880171345653,810,0.3053014539130569,765.0250000000087,2,3,1.0
rsi14c_s lo 15%,rsi14c_s,all,lo,0.15,-7.247890676687182,1214,-0.570182824575724,-1808.954999999998,2,3,1.0
rsi14c_s lo 20%,rsi14c_s,all,lo,0.2,-5.011136491780773,1619,0.06874001087957175,241.2599999999984,3,3,1.0
rsi14c_s lo 25%,rsi14c_s,all,lo,0.25,-2.8988837818704223,2023,-0.800160209133383,-3174.6349999999875,2,3,1.0
rsi14c_s lo 30%,rsi14c_s,all,lo,0.3,-1.091022869991354,2428,-0.5982931744233316,-2624.819999999985,3,3,1.0
rsi14c_s hi 5%,rsi14c_s,all,hi,0.05,23.524058371565012,405,0.14168512096780328,233.66000000001077,2,1,1.0
rsi14c_s hi 10%,rsi14c_s,all,hi,0.1,19.80447852860054,810,-0.6496301637257801,-1660.724999999984,3,1,1.0
rsi14c_s hi 15%,rsi14c_s,all,hi,0.15,17.192673673644563,1214,-0.6372703864507655,-2046.5799999999726,3,1,1.0
rsi14c_s hi 20%,rsi14c_s,all,hi,0.2,15.220515924309343,1619,-0.6633875872799597,-2530.879999999979,3,1,1.0
rsi14c_s hi 25%,rsi14c_s,all,hi,0.25,13.397174906149079,2023,-1.2088540709046414,-5191.489999999976,2,1,1.0
rsi14c_s hi 30%,rsi14c_s,all,hi,0.3,11.72497548501842,2428,-1.4972289104195577,-7144.82999999998,2,1,1.0
clv_s lo 5%,clv_s,all,lo,0.05,-0.4538991387529414,405,-0.13942021061658283,-213.97499999999854,2,0,1.0
clv_s lo 10%,clv_s,all,lo,0.1,-0.4103436018597129,810,-0.25550867525317084,-594.3600000000006,2,0,1.0
clv_s lo 15%,clv_s,all,lo,0.15,-0.3580344279494404,1214,-1.542351683697509,-4392.739999999998,1,0,1.0
clv_s lo 20%,clv_s,all,lo,0.2,-0.30734018159331283,1619,-1.2450577129881943,-4069.604999999996,1,0,1.0
clv_s lo 25%,clv_s,all,lo,0.25,-0.2551845772533757,2023,-1.119248929482904,-4125.564999999995,2,0,1.0
clv_s lo 30%,clv_s,all,lo,0.3,-0.20083969062460172,2428,-1.1574813976105294,-4550.779999999992,1,0,1.0
clv_s hi 5%,clv_s,all,hi,0.05,0.4594866450780326,405,1.0393003441230213,1404.030000000006,5,2,1.0
clv_s hi 10%,clv_s,all,hi,0.1,0.4206169622376777,810,1.2644401160599454,2766.99000000002,5,2,1.0
clv_s hi 15%,clv_s,all,hi,0.15,0.37898425756016796,1214,-0.0932841028658825,-225.39999999997963,4,2,1.0
clv_s hi 20%,clv_s,all,hi,0.2,0.33327659501446394,1619,-0.20076860222557052,-628.6449999999822,3,2,1.0
clv_s hi 25%,clv_s,all,hi,0.25,0.2878782359021569,2023,-0.0001275802964761521,-0.45499999997991836,3,2,1.0
clv_s hi 30%,clv_s,all,hi,0.3,0.2411600885976527,2428,-0.9022285525477474,-3521.024999999987,2,2,1.0
clv3_s lo 5%,clv3_s,all,lo,0.05,-0.2684792267113667,405,-0.5172551452865668,-821.494999999999,2,0,1.0
clv3_s lo 10%,clv3_s,all,lo,0.1,-0.20766604523754575,810,-0.5798531940254564,-1281.034999999989,2,0,1.0
clv3_s lo 15%,clv3_s,all,lo,0.15,-0.1664917420113206,1214,-0.6672847253764213,-1775.6649999999863,2,0,1.0
clv3_s lo 20%,clv3_s,all,lo,0.2,-0.13252444978757688,1619,-1.3519189173188302,-4384.689999999988,2,0,1.0
clv3_s lo 25%,clv3_s,all,lo,0.25,-0.10353997864545325,2023,-1.3564560351804213,-5189.904999999984,1,0,1.0
clv3_s lo 30%,clv3_s,all,lo,0.3,-0.07674744327500532,2428,-1.4502156029784625,-6149.164999999979,1,0,1.0
clv3_s hi 5%,clv3_s,all,hi,0.05,0.3014284360354204,405,-0.1185925875718446,-170.9300000000003,4,0,1.0
clv3_s hi 10%,clv3_s,all,hi,0.1,0.24315143720859983,810,-0.9641667462340698,-2148.805000000004,2,0,1.0
clv3_s hi 15%,clv3_s,all,hi,0.15,0.19899449510362807,1214,-1.6619782440300668,-4345.434999999994,0,0,1.0
clv3_s hi 20%,clv3_s,all,hi,0.2,0.16642422447830973,1619,-2.117590238917402,-6841.354999999996,0,0,1.0
clv3_s hi 25%,clv3_s,all,hi,0.25,0.1364747735831921,2023,-1.3678086405409158,-4619.629999999994,1,0,1.0
clv3_s hi 30%,clv3_s,all,hi,0.3,0.11107819292368505,2428,-0.15249745625556013,-590.464999999982,3,0,1.0
dsma10_s lo 5%,dsma10_s,all,lo,0.05,-1.6589264010059686,405,0.3786030449659918,623.2850000000035,3,4,1.0
dsma10_s lo 10%,dsma10_s,all,lo,0.1,-1.2255306899194982,810,0.6633916272408157,1656.1750000000138,3,4,1.0
dsma10_s lo 15%,dsma10_s,all,lo,0.15,-0.9217818591524973,1214,0.606707114041258,1923.5000000000073,3,4,1.0
dsma10_s lo 20%,dsma10_s,all,lo,0.2,-0.7013894751487217,1619,0.5800255785034378,2038.8400000000183,2,4,1.0
dsma10_s lo 25%,dsma10_s,all,lo,0.25,-0.5189576686677801,2023,-0.2579021226619178,-1025.6249999999927,1,4,1.0
dsma10_s lo 30%,dsma10_s,all,lo,0.3,-0.3425958368271659,2428,-0.3984006518198768,-1812.9249999999774,1,4,1.0
dsma10_s hi 5%,dsma10_s,all,hi,0.05,2.01060499580916,405,-0.27941545184753347,-416.11999999999534,2,0,1.0
dsma10_s hi 10%,dsma10_s,all,hi,0.1,1.6288811968173584,810,-0.5982977406359002,-1395.5950000000012,2,0,1.0
dsma10_s hi 15%,dsma10_s,all,hi,0.15,1.3611460338403931,1214,-0.7778446654784801,-2278.560000000005,2,0,1.0
dsma10_s hi 20%,dsma10_s,all,hi,0.2,1.1329965303928304,1619,-0.9824923074276447,-3376.3200000000033,2,0,1.0
dsma10_s hi 25%,dsma10_s,all,hi,0.25,0.9581074115859038,2023,-0.9856953570098513,-3915.810000000012,1,0,1.0
dsma10_s hi 30%,dsma10_s,all,hi,0.3,0.773964678736472,2428,-1.094134067521895,-4877.585000000014,2,0,1.0
dsma20_s lo 5%,dsma20_s,all,lo,0.05,-2.167001549968319,405,0.4026701549636769,634.810000000005,3,2,1.0
dsma20_s lo 10%,dsma20_s,all,lo,0.1,-1.585034923596977,810,-0.3581660455306897,-840.5649999999878,2,2,1.0
dsma20_s lo 15%,dsma20_s,all,lo,0.15,-1.185476959850338,1214,-0.7973207351426223,-2296.7749999999905,3,2,1.0
dsma20_s lo 20%,dsma20_s,all,lo,0.2,-0.8492651361409573,1619,-0.10911751556864542,-375.26999999998225,3,2,1.0
dsma20_s lo 25%,dsma20_s,all,lo,0.25,-0.5810009840322737,2023,0.38869494590736975,1573.9050000000207,4,2,1.0
dsma20_s lo 30%,dsma20_s,all,lo,0.3,-0.33905756003228243,2428,-0.04953703818918156,-217.94499999997788,3,2,1.0
dsma20_s hi 5%,dsma20_s,all,hi,0.05,3.1763259963843424,405,-0.5787385627902618,-914.6599999999926,2,0,1.0
dsma20_s hi 10%,dsma20_s,all,hi,0.1,2.615346548439668,810,-0.7188302882436038,-1782.219999999994,3,0,1.0
dsma20_s hi 15%,dsma20_s,all,hi,0.15,2.218406808472005,1214,-0.36745369829521385,-1125.924999999981,2,0,1.0
dsma20_s hi 20%,dsma20_s,all,hi,0.2,1.8981647092705203,1619,-0.3201303326320735,-1143.6799999999894,2,0,1.0
dsma20_s hi 25%,dsma20_s,all,hi,0.25,1.6333249652856217,2023,-0.510984229906108,-2022.8150000000023,3,0,1.0
dsma20_s hi 30%,dsma20_s,all,hi,0.3,1.4130333159732058,2428,-0.7228949179044531,-3151.5950000000084,3,0,1.0
dsma50_s lo 5%,dsma50_s,all,lo,0.05,-2.869233147432342,405,-0.4477777356355678,-710.4899999999907,3,0,1.0
dsma50_s lo 10%,dsma50_s,all,lo,0.1,-1.954259448406693,810,-0.5425864783864897,-1427.8600000000079,2,0,1.0
dsma50_s lo 15%,dsma50_s,all,lo,0.15,-1.341210423417693,1214,-0.7821284052878733,-2495.7999999999956,2,0,1.0
dsma50_s lo 20%,dsma50_s,all,lo,0.2,-0.8800806345751796,1619,-0.7932069564906152,-2935.584999999999,3,0,1.0
dsma50_s lo 25%,dsma50_s,all,lo,0.25,-0.3948694696568082,2023,-1.6039942621159713,-6585.789999999986,1,0,1.0
dsma50_s lo 30%,dsma50_s,all,lo,0.3,-0.01002091512727484,2428,-1.7607237888448624,-7771.73999999998,1,0,1.0
dsma50_s hi 5%,dsma50_s,all,hi,0.05,5.423169160302612,405,-0.016778964412345065,-30.674999999977445,4,0,1.0
dsma50_s hi 10%,dsma50_s,all,hi,0.1,4.615918416311663,810,-0.49373641109980143,-1143.4499999999716,2,0,1.0
dsma50_s hi 15%,dsma50_s,all,hi,0.15,4.089880993126704,1214,-1.1375552562164355,-3523.1599999999744,1,0,1.0
dsma50_s hi 20%,dsma50_s,all,hi,0.2,3.6329665409321947,1619,-1.4013315078817652,-5196.63499999998,1,0,1.0
dsma50_s hi 25%,dsma50_s,all,hi,0.25,3.2321907636084664,2023,-1.4163539223181187,-6099.5549999999785,1,0,1.0
dsma50_s hi 30%,dsma50_s,all,hi,0.3,2.8463088592201524,2428,-1.2880202495445479,-6046.934999999969,1,0,1.0
macd_h_s lo 5%,macd_h_s,all,lo,0.05,-0.3708245556749971,405,-0.15315518732908215,-256.594999999983,2,4,1.0
macd_h_s lo 10%,macd_h_s,all,lo,0.1,-0.2884857399143509,810,0.5418299160525303,1287.5800000000236,3,4,1.0
macd_h_s lo 15%,macd_h_s,all,lo,0.15,-0.23505776204155507,1214,-0.06789987145162238,-199.849999999984,2,4,1.0
macd_h_s lo 20%,macd_h_s,all,lo,0.2,-0.19010545481233254,1619,0.5956198010659923,2168.7800000000207,3,4,1.0
macd_h_s lo 25%,macd_h_s,all,lo,0.25,-0.1529753609988986,2023,0.6669122159241263,2915.2700000000186,4,4,1.0
macd_h_s lo 30%,macd_h_s,all,lo,0.3,-0.11944712431287233,2428,0.18034929212531828,923.2800000000425,3,4,1.0
macd_h_s hi 5%,macd_h_s,all,hi,0.05,0.37967416500478945,405,-0.8290993156370402,-1308.369999999999,2,0,1.0
macd_h_s hi 10%,macd_h_s,all,hi,0.1,0.29940468888095867,810,-1.1773093521133657,-2689.09,2,0,1.0
macd_h_s hi 15%,macd_h_s,all,hi,0.15,0.23856684095145594,1214,-1.8035099708865876,-5307.330000000009,1,0,1.0
macd_h_s hi 20%,macd_h_s,all,hi,0.2,0.1911821893245611,1619,-1.6803998907651072,-5886.6600000000035,1,0,1.0
macd_h_s hi 25%,macd_h_s,all,hi,0.25,0.1544611703311196,2023,-1.7991378869928267,-7127.270000000008,1,0,1.0
macd_h_s hi 30%,macd_h_s,all,hi,0.3,0.12019958527249085,2428,-1.9643897163478434,-8605.844999999998,1,0,1.0
macd_slope_s lo 5%,macd_slope_s,all,lo,0.05,-0.10370595800515757,405,-0.6723514182416946,-1133.6899999999914,3,0,1.0
macd_slope_s lo 10%,macd_slope_s,all,lo,0.1,-0.07975134208899051,810,-0.21026937403969334,-522.0499999999993,3,0,1.0
macd_slope_s lo 15%,macd_slope_s,all,lo,0.15,-0.06618177930269391,1214,-0.009785614556727624,-29.48499999998603,4,0,1.0
macd_slope_s lo 20%,macd_slope_s,all,lo,0.2,-0.05431495047394347,1619,-0.5145378151534311,-1814.414999999979,2,0,1.0
macd_slope_s lo 25%,macd_slope_s,all,lo,0.25,-0.04413820380389255,2023,-0.528337342172871,-2097.109999999986,2,0,1.0
macd_slope_s lo 30%,macd_slope_s,all,lo,0.3,-0.03566496750446365,2428,-0.701261502624155,-2990.834999999988,2,0,1.0
macd_slope_s hi 5%,macd_slope_s,all,hi,0.05,0.09263848831902052,405,-2.0541728155245673,-3285.035,2,0,1.0
macd_slope_s hi 10%,macd_slope_s,all,hi,0.1,0.07021748907616418,810,-2.587027450080685,-5525.0899999999965,1,0,1.0
macd_slope_s hi 15%,macd_slope_s,all,hi,0.15,0.05556306707022323,1214,-1.1948106332741122,-3162.7250000000095,2,0,1.0
macd_slope_s hi 20%,macd_slope_s,all,hi,0.2,0.043674615204969916,1619,-0.9016197520078175,-2979.8150000000096,1,0,1.0
macd_slope_s hi 25%,macd_slope_s,all,hi,0.25,0.03417268463033672,2023,-1.228599468383433,-4737.955000000013,1,0,1.0
macd_slope_s hi 30%,macd_slope_s,all,hi,0.3,0.02576850516125697,2428,-0.8553766061189094,-3586.735000000015,1,0,1.0
di_s lo 5%,di_s,all,lo,0.05,-17.900921555544127,405,-0.5790106588971236,-964.9699999999975,3,1,1.0
di_s lo 10%,di_s,all,lo,0.1,-12.878264281283734,810,-0.32146230915069646,-786.5199999999968,2,1,1.0
di_s lo 15%,di_s,all,lo,0.15,-9.669572831242942,1214,0.13691621770617837,404.145000000015,3,1,1.0
di_s lo 20%,di_s,all,lo,0.2,-6.877083270317801,1619,-0.5123250744254021,-1785.979999999974,2,1,1.0
di_s lo 25%,di_s,all,lo,0.25,-4.644014143079642,2023,-0.6183215059299543,-2545.0149999999703,2,1,1.0
di_s lo 30%,di_s,all,lo,0.3,-2.5488541660106394,2428,-0.6500586018274552,-2874.8749999999673,2,1,1.0
di_s hi 5%,di_s,all,hi,0.05,26.574421198077527,405,-0.18762763412967876,-341.9349999999904,1,0,1.0
di_s hi 10%,di_s,all,hi,0.1,21.596920959459247,810,-0.6075120580737894,-1566.154999999988,2,0,1.0
di_s hi 15%,di_s,all,hi,0.15,18.35126034985251,1214,-1.1472832332142875,-3558.924999999981,1,0,1.0
di_s hi 20%,di_s,all,hi,0.2,15.877844433054854,1619,-0.8584330827904331,-3281.9299999999785,2,0,1.0
di_s hi 25%,di_s,all,hi,0.25,13.566152495024035,2023,-0.7850541785411566,-3444.144999999986,1,0,1.0
di_s hi 30%,di_s,all,hi,0.3,11.596971269427312,2428,-1.4319215247615054,-7160.309999999983,1,0,1.0
pctb_s lo 5%,pctb_s,all,lo,0.05,-0.45553433237742164,405,0.5016124128986975,736.0700000000106,4,5,1.0
pctb_s lo 10%,pctb_s,all,lo,0.1,-0.35362786937772434,810,0.01808138719079622,43.16500000001179,2,5,1.0
pctb_s lo 15%,pctb_s,all,lo,0.15,-0.2798935005174953,1214,0.22400037278076748,694.3500000000204,3,5,1.0
pctb_s lo 20%,pctb_s,all,lo,0.2,-0.21304197441178285,1619,0.10820589711018858,373.24000000002707,3,5,1.0
pctb_s lo 25%,pctb_s,all,lo,0.25,-0.15190843628776346,2023,-0.0877473338836303,-347.44999999998254,3,5,1.0
pctb_s lo 30%,pctb_s,all,lo,0.3,-0.0934933515649896,2428,0.0036383459555724947,16.135000000023865,2,5,1.0
pctb_s hi 5%,pctb_s,all,hi,0.05,0.5129986300316041,405,0.5021775272935645,744.2049999999945,3,4,1.0
pctb_s hi 10%,pctb_s,all,hi,0.1,0.447669531019081,810,0.1289044636885864,324.52999999999884,4,4,1.0
pctb_s hi 15%,pctb_s,all,hi,0.15,0.39982395057044784,1214,0.4721174905610541,1464.0099999999911,2,4,1.0
pctb_s hi 20%,pctb_s,all,hi,0.2,0.36039358378285014,1619,0.38992017187622835,1434.6749999999884,3,4,1.0
pctb_s hi 25%,pctb_s,all,hi,0.25,0.32429827253955557,2023,-0.6210219463460851,-2511.060000000012,2,4,1.0
pctb_s hi 30%,pctb_s,all,hi,0.3,0.2861734573360794,2428,-0.39658877824086286,-1782.505000000012,3,4,1.0
stoch14_s lo 5%,stoch14_s,all,lo,0.05,-0.4264962324836314,405,1.621498745659049,2155.0850000000064,5,5,0.99
stoch14_s lo 10%,stoch14_s,all,lo,0.1,-0.3605415063818278,810,0.31693262220716506,687.945000000007,3,5,1.0
stoch14_s lo 15%,stoch14_s,all,lo,0.15,-0.2941520382372172,1214,-0.4289646671030559,-1231.25499999999,3,5,1.0
stoch14_s lo 20%,stoch14_s,all,lo,0.2,-0.2301374100786147,1619,0.5868687212273204,2038.2100000000137,4,5,1.0
stoch14_s lo 25%,stoch14_s,all,lo,0.25,-0.167431855311867,2023,0.8993170946608011,3507.410000000018,3,5,1.0
stoch14_s lo 30%,stoch14_s,all,lo,0.3,-0.1086810203552228,2428,0.4247207316754649,1852.7550000000265,4,5,1.0
stoch14_s hi 5%,stoch14_s,all,hi,0.05,0.471758187100946,405,-0.8838349733897656,-1191.2050000000017,3,2,1.0
stoch14_s hi 10%,stoch14_s,all,hi,0.1,0.441459495726182,810,0.15350892282301964,350.94999999998254,4,2,1.0
stoch14_s hi 15%,stoch14_s,all,hi,0.15,0.41237389048227424,1214,0.3721627356416995,1034.1999999999825,3,2,1.0
stoch14_s hi 20%,stoch14_s,all,hi,0.2,0.38110273818045265,1619,-0.23406911744893072,-783.4750000000095,3,2,1.0
stoch14_s hi 25%,stoch14_s,all,hi,0.25,0.34615405859765414,2023,-1.318140777531052,-5097.3899999999885,2,2,1.0
stoch14_s hi 30%,stoch14_s,all,hi,0.3,0.3066645390283329,2428,-1.4044409236125133,-6030.30000000001,2,2,1.0
upcount10_s lo 5%,upcount10_s,all,lo,0.05,-2.0,806,0.8257506001927776,1792.0250000000124,5,1,1.0
upcount10_s lo 10%,upcount10_s,all,lo,0.1,-1.0,2149,-0.448306944797058,-1872.6549999999806,1,1,1.0
upcount10_s lo 15%,upcount10_s,all,lo,0.15,-1.0,2149,-0.448306944797058,-1872.6549999999806,1,1,1.0
upcount10_s lo 20%,upcount10_s,all,lo,0.2,-1.0,2149,-0.448306944797058,-1872.6549999999806,1,1,1.0
upcount10_s lo 25%,upcount10_s,all,lo,0.25,-1.0,2149,-0.448306944797058,-1872.6549999999806,1,1,1.0
upcount10_s lo 30%,upcount10_s,all,lo,0.3,0.0,4183,-1.4296366703056436,-8908.114999999954,2,1,1.0
upcount10_s hi 5%,upcount10_s,all,hi,0.05,3.0,694,-0.6554531505743886,-1482.349999999995,2,0,1.0
upcount10_s hi 10%,upcount10_s,all,hi,0.1,2.0,1951,-0.771488026774958,-2821.604999999996,3,0,1.0
upcount10_s hi 15%,upcount10_s,all,hi,0.15,2.0,1951,-0.771488026774958,-2821.604999999996,3,0,1.0
upcount10_s hi 20%,upcount10_s,all,hi,0.2,2.0,1951,-0.771488026774958,-2821.604999999996,3,0,1.0
upcount10_s hi 25%,upcount10_s,all,hi,0.25,1.0,3909,-2.1831027139721515,-12015.119999999988,2,0,1.0
upcount10_s hi 30%,upcount10_s,all,hi,0.3,1.0,3909,-2.1831027139721515,-12015.119999999988,2,0,1.0
gap_s lo 5%,gap_s,all,lo,0.05,-0.6241692675695529,405,-0.973990188639895,-1449.6699999999983,2,3,1.0
gap_s lo 10%,gap_s,all,lo,0.1,-0.420553372316902,810,-0.4592504843682591,-1039.4699999999793,3,3,1.0
gap_s lo 15%,gap_s,all,lo,0.15,-0.31345714559221327,1214,-0.578104391156647,-1537.8949999999822,2,3,1.0
gap_s lo 20%,gap_s,all,lo,0.2,-0.24098159585494555,1619,0.21520933413081783,696.3500000000131,3,3,1.0
gap_s lo 25%,gap_s,all,lo,0.25,-0.18605613829966078,2023,0.05114913385484694,189.70500000000902,3,3,1.0
gap_s lo 30%,gap_s,all,lo,0.3,-0.13815276218848396,2428,0.29831595798517957,1192.8500000000058,3,3,1.0
gap_s hi 5%,gap_s,all,hi,0.05,0.5531937005370248,405,-1.095669141972881,-1722.2150000000038,2,0,1.0
gap_s hi 10%,gap_s,all,hi,0.1,0.3948767622817317,810,-1.6548767785858636,-3745.649999999998,2,0,1.0
gap_s hi 15%,gap_s,all,hi,0.15,0.31483604618893024,1214,-1.511365142079863,-4144.279999999999,1,0,1.0
gap_s hi 20%,gap_s,all,hi,0.2,0.25368201255424777,1619,-1.5657401891698188,-5144.07499999999,2,0,1.0
gap_s hi 25%,gap_s,all,hi,0.25,0.20354531651804986,2023,-2.1039679216470137,-7638.614999999987,1,0,1.0
gap_s hi 30%,gap_s,all,hi,0.3,0.16059244354153893,2428,-2.4313890583954154,-9581.05999999999,1,0,1.0
spy_ret1z_s lo 5%,spy_ret1z_s,all,lo,0.05,-1.5561666106944032,412,0.42112731435074124,803.4950000000099,4,1,1.0
spy_ret1z_s lo 10%,spy_ret1z_s,all,lo,0.1,-1.2415312932341542,816,-0.21896170299163698,-571.6349999999948,3,1,1.0
spy_ret1z_s lo 15%,spy_ret1z_s,all,lo,0.15,-0.9794799482926387,1225,-0.29087148371255306,-878.5299999999988,3,1,1.0
spy_ret1z_s lo 20%,spy_ret1z_s,all,lo,0.2,-0.7258268006380961,1624,-0.9426998198484533,-3244.074999999997,2,1,1.0
spy_ret1z_s lo 25%,spy_ret1z_s,all,lo,0.25,-0.5464348400855281,2023,-1.0200440170225258,-3937.1299999999937,2,1,1.0
spy_ret1z_s lo 30%,spy_ret1z_s,all,lo,0.3,-0.3862537675199911,2428,-1.5481785550814433,-6727.249999999993,2,1,1.0
spy_ret1z_s hi 5%,spy_ret1z_s,all,hi,0.05,1.6492733543892384,407,-0.19887598974008713,-378.04999999999563,2,0,1.0
spy_ret1z_s hi 10%,spy_ret1z_s,all,hi,0.1,1.327338397625451,812,-0.8215728682761282,-2163.3199999999997,3,0,1.0
spy_ret1z_s hi 15%,spy_ret1z_s,all,hi,0.15,1.1267177711207341,1217,-0.7360257376252122,-2561.7550000000047,3,0,1.0
spy_ret1z_s hi 20%,spy_ret1z_s,all,hi,0.2,0.9202081615903224,1619,-0.6789004925625042,-2663.7249999999985,2,0,1.0
spy_ret1z_s hi 25%,spy_ret1z_s,all,hi,0.25,0.7149698216082275,2030,-1.1426167661418782,-4949.119999999988,1,0,1.0
spy_ret1z_s hi 30%,spy_ret1z_s,all,hi,0.3,0.5519516302547247,2432,-1.4564175648772548,-6830.929999999986,1,0,1.0
spy_ret5z_s lo 5%,spy_ret5z_s,all,lo,0.05,-1.4516925650588393,406,-0.8174276849234827,-1768.5499999999884,2,0,1.0
spy_ret5z_s lo 10%,spy_ret5z_s,all,lo,0.1,-1.044461040897004,810,-0.3141025626300043,-950.479999999985,2,0,1.0
spy_ret5z_s lo 15%,spy_ret5z_s,all,lo,0.15,-0.8306231833626961,1216,-0.6801420545679673,-2604.1049999999814,2,0,1.0
spy_ret5z_s lo 20%,spy_ret5z_s,all,lo,0.2,-0.6100113468496948,1619,-0.5600782106998868,-2452.914999999979,3,0,1.0
spy_ret5z_s lo 25%,spy_ret5z_s,all,lo,0.25,-0.43155947910472575,2023,-0.921590422571106,-4654.399999999972,1,0,1.0
spy_ret5z_s lo 30%,spy_ret5z_s,all,lo,0.3,-0.2659626559231964,2428,-1.0015013459505506,-5647.52999999997,1,0,1.0
spy_ret5z_s hi 5%,spy_ret5z_s,all,hi,0.05,1.8406817083719489,405,0.4831354982375723,903.6550000000061,3,3,1.0
spy_ret5z_s hi 10%,spy_ret5z_s,all,hi,0.1,1.484778408140344,814,1.0179014006088676,2742.520000000004,3,3,1.0
spy_ret5z_s hi 15%,spy_ret5z_s,all,hi,0.15,1.2378814332204124,1214,0.20058653494687398,711.5900000000074,4,3,1.0
spy_ret5z_s hi 20%,spy_ret5z_s,all,hi,0.2,1.0320768795745745,1624,-0.6456912070625387,-2672.1699999999983,3,3,1.0
spy_ret5z_s hi 25%,spy_ret5z_s,all,hi,0.25,0.8983473455326859,2023,-0.5717417825448124,-2652.1199999999953,3,3,1.0
spy_ret5z_s hi 30%,spy_ret5z_s,all,hi,0.3,0.7771631196999155,2429,-0.7295999453730297,-3704.954999999998,3,3,1.0
spy_rsi2c_s lo 5%,spy_rsi2c_s,all,lo,0.05,-44.746874409402466,407,-0.7602896824085685,-1600.1199999999917,1,0,1.0
spy_rsi2c_s lo 10%,spy_rsi2c_s,all,lo,0.1,-38.672526088934234,814,-1.0762984724778122,-3259.534999999989,2,0,1.0
spy_rsi2c_s lo 15%,spy_rsi2c_s,all,lo,0.15,-33.53382959264908,1214,-0.803684950571738,-2963.119999999977,2,0,1.0
spy_rsi2c_s lo 20%,spy_rsi2c_s,all,lo,0.2,-27.966034884307163,1624,-0.43731681770130476,-1886.5199999999822,2,0,1.0
spy_rsi2c_s lo 25%,spy_rsi2c_s,all,lo,0.25,-22.36048218713675,2023,-0.6333946850138731,-3001.129999999983,2,0,1.0
spy_rsi2c_s lo 30%,spy_rsi2c_s,all,lo,0.3,-15.411696110327512,2431,-1.1866133959100649,-5960.174999999981,1,0,1.0
spy_rsi2c_s hi 5%,spy_rsi2c_s,all,hi,0.05,47.95750826122314,415,-1.3150204165191464,-2805.715,1,0,1.0
spy_rsi2c_s hi 10%,spy_rsi2c_s,all,hi,0.1,45.777496131457454,817,-1.101232777623187,-3121.0099999999984,0,0,1.0
spy_rsi2c_s hi 15%,spy_rsi2c_s,all,hi,0.15,43.06222483676797,1216,-0.7072138415972866,-2451.060000000005,3,0,1.0
spy_rsi2c_s hi 20%,spy_rsi2c_s,all,hi,0.2,40.08179363788315,1622,-0.7478666619306661,-3027.6399999999994,1,0,1.0
spy_rsi2c_s hi 25%,spy_rsi2c_s,all,hi,0.25,36.44881622009542,2024,-0.9012000904124656,-4134.064999999995,2,0,1.0
spy_rsi2c_s hi 30%,spy_rsi2c_s,all,hi,0.3,33.03223127316839,2429,-1.3861613948948517,-6931.219999999994,2,0,1.0
spy_dsma20_s lo 5%,spy_dsma20_s,all,lo,0.05,-0.03328229144983541,406,-1.4683189483128798,-3207.069999999985,0,0,1.0
spy_dsma20_s lo 10%,spy_dsma20_s,all,lo,0.1,-0.0229897873501822,812,-1.5442322967577338,-5233.774999999983,0,0,1.0
spy_dsma20_s lo 15%,spy_dsma20_s,all,lo,0.15,-0.015622002926044057,1214,-1.532546401160322,-6297.919999999984,0,0,1.0
spy_dsma20_s lo 20%,spy_dsma20_s,all,lo,0.2,-0.010405262030254336,1619,-1.720825574172904,-8319.494999999977,1,0,1.0
spy_dsma20_s lo 25%,spy_dsma20_s,all,lo,0.25,-0.005479113273006986,2025,-0.5583553990432462,-3032.1949999999706,1,0,1.0
spy_dsma20_s lo 30%,spy_dsma20_s,all,lo,0.3,-0.00010360310875590084,2431,-0.6041723855040747,-3536.8999999999614,2,0,1.0
spy_dsma20_s hi 5%,spy_dsma20_s,all,hi,0.05,0.04144374496921088,409,0.9886298862855688,1870.9300000000076,4,1,1.0
spy_dsma20_s hi 10%,spy_dsma20_s,all,hi,0.1,0.032962175723431075,811,-0.4171639456940715,-1260.5250000000015,2,1,1.0
spy_dsma20_s hi 15%,spy_dsma20_s,all,hi,0.15,0.028681427552054384,1216,-0.8437621155742914,-3653.0200000000077,1,1,1.0
spy_dsma20_s hi 20%,spy_dsma20_s,all,hi,0.2,0.0243652983446347,1619,-1.6076811474502262,-7841.145000000011,1,1,1.0
spy_dsma20_s hi 25%,spy_dsma20_s,all,hi,0.25,0.021132725517065687,2024,-1.9520943208609562,-10487.915000000015,0,1,1.0
spy_dsma20_s hi 30%,spy_dsma20_s,all,hi,0.3,0.01893522134388026,2430,-1.8768467988793278,-10757.750000000007,0,1,1.0
ret_today_s lo 5%,ret_today_s,all,lo,0.05,-1.802625551031382,405,-1.4870047196332723,-2136.7249999999985,1,2,1.0
ret_today_s lo 10%,ret_today_s,all,lo,0.1,-1.2921499933200893,810,-0.29708290793656716,-613.1149999999907,2,2,1.0
ret_today_s lo 15%,ret_today_s,all,lo,0.15,-1.0170598052769508,1214,0.615303662750632,1628.155000000006,2,2,1.0
ret_today_s lo 20%,ret_today_s,all,lo,0.2,-0.803815721616223,1619,0.10594548538331182,318.9150000000009,2,2,1.0
ret_today_s lo 25%,ret_today_s,all,lo,0.25,-0.6293068516435291,2023,-0.013878037717164412,-44.774999999983265,2,2,1.0
ret_today_s lo 30%,ret_today_s,all,lo,0.3,-0.4852866094173128,2428,-0.17249643127630016,-634.1249999999891,2,2,1.0
ret_today_s hi 5%,ret_today_s,all,hi,0.05,1.5532337606273794,405,-0.9927953748012839,-1633.309999999994,3,0,1.0
ret_today_s hi 10%,ret_today_s,all,hi,0.1,1.1446630132288604,810,-1.028962513960407,-2341.8650000000016,2,0,1.0
ret_today_s hi 15%,ret_today_s,all,hi,0.15,0.8884003451054879,1214,-1.6434979609227853,-4635.944999999992,2,0,1.0
ret_today_s hi 20%,ret_today_s,all,hi,0.2,0.6887140652162889,1619,-2.224162717479975,-7189.239999999991,2,0,1.0
ret_today_s hi 25%,ret_today_s,all,hi,0.25,0.5291599034961284,2023,-2.4700214663708446,-8652.474999999988,2,0,1.0
ret_today_s hi 30%,ret_today_s,all,hi,0.3,0.39950993621595376,2428,-1.9736901648055565,-7686.594999999983,2,0,1.0
peer_ret1z_s lo 5%,peer_ret1z_s,all,lo,0.05,-1.3690766333048683,405,0.7587564219805639,1173.7200000000012,5,5,1.0
peer_ret1z_s lo 10%,peer_ret1z_s,all,lo,0.1,-1.041954161888168,810,1.0315254984355127,2496.3800000000047,5,5,1.0
peer_ret1z_s lo 15%,peer_ret1z_s,all,lo,0.15,-0.8117945732123772,1214,1.0619675311520926,3148.4300000000076,6,5,1.0
peer_ret1z_s lo 20%,peer_ret1z_s,all,lo,0.2,-0.6209393169079601,1619,0.29641361155373863,986.0849999999919,4,5,1.0
peer_ret1z_s lo 25%,peer_ret1z_s,all,lo,0.25,-0.4814718493300072,2023,0.08508393700175997,315.0200000000041,3,5,1.0
peer_ret1z_s lo 30%,peer_ret1z_s,all,lo,0.3,-0.34681290556975314,2428,-0.7058390384948325,-2934.0299999999843,2,5,1.0
peer_ret1z_s hi 5%,peer_ret1z_s,all,hi,0.05,1.3459099160101238,405,-0.5040053023830066,-886.3250000000044,3,0,1.0
peer_ret1z_s hi 10%,peer_ret1z_s,all,hi,0.1,1.0334287882452304,810,-0.8515262232196336,-2131.3099999999904,2,0,1.0
peer_ret1z_s hi 15%,peer_ret1z_s,all,hi,0.15,0.8461913185988666,1214,-0.07369377442860686,-227.1899999999987,4,0,1.0
peer_ret1z_s hi 20%,peer_ret1z_s,all,hi,0.2,0.7039711820922571,1619,-0.49276223691522264,-1784.3349999999919,1,0,1.0
peer_ret1z_s hi 25%,peer_ret1z_s,all,hi,0.25,0.5644500994810187,2023,-1.4573277234701334,-6099.579999999998,1,0,1.0
peer_ret1z_s hi 30%,peer_ret1z_s,all,hi,0.3,0.4441628148827853,2428,-1.5372586435568223,-7071.499999999996,1,0,1.0
peer_ret5z_s lo 5%,peer_ret5z_s,all,lo,0.05,-1.2084638753692434,405,0.17200772160348363,276.8950000000077,3,2,1.0
peer_ret5z_s lo 10%,peer_ret5z_s,all,lo,0.1,-0.903481689885669,810,0.24369571520045746,623.6550000000025,3,2,1.0
peer_ret5z_s lo 15%,peer_ret5z_s,all,lo,0.15,-0.6910114855454281,1214,-0.613532938195254,-2049.399999999994,2,2,1.0
peer_ret5z_s lo 20%,peer_ret5z_s,all,lo,0.2,-0.5341336909193287,1619,-0.4046700731893385,-1637.2749999999724,3,2,1.0
peer_ret5z_s lo 25%,peer_ret5z_s,all,lo,0.25,-0.3937077417692085,2023,-0.5347549127230595,-2428.449999999979,2,2,1.0
peer_ret5z_s lo 30%,peer_ret5z_s,all,lo,0.3,-0.27077576238431705,2428,-0.8822932779878844,-4424.444999999971,2,2,1.0
peer_ret5z_s hi 5%,peer_ret5z_s,all,hi,0.05,1.47695433069003,405,0.3543599569674171,540.7800000000061,4,1,1.0
peer_ret5z_s hi 10%,peer_ret5z_s,all,hi,0.1,1.166231045467628,810,-0.6542118243686629,-1533.9449999999997,2,1,1.0
peer_ret5z_s hi 15%,peer_ret5z_s,all,hi,0.15,0.9547294219995104,1214,-0.34496525820610796,-1041.3150000000023,3,1,1.0
peer_ret5z_s hi 20%,peer_ret5z_s,all,hi,0.2,0.8006206034253273,1619,-0.6836196484525192,-2446.1099999999933,1,1,1.0
peer_ret5z_s hi 25%,peer_ret5z_s,all,hi,0.25,0.6655318842394906,2023,-0.5861634872938818,-2466.82499999999,1,1,1.0
peer_ret5z_s hi 30%,peer_ret5z_s,all,hi,0.3,0.5446194659383314,2428,-0.17694894218933968,-830.7849999999889,2,1,1.0
own_minus_peer1_s lo 5%,own_minus_peer1_s,all,lo,0.05,-1.108836828587773,405,-0.9096713591769356,-1330.0299999999916,2,0,1.0
own_minus_peer1_s lo 10%,own_minus_peer1_s,all,lo,0.1,-0.8161229400440031,810,-0.4122291927678209,-851.9349999999904,3,0,1.0
own_minus_peer1_s lo 15%,own_minus_peer1_s,all,lo,0.15,-0.62838776949138,1214,-0.48084182977175927,-1297.8499999999913,3,0,1.0
own_minus_peer1_s lo 20%,own_minus_peer1_s,all,lo,0.2,-0.4938155688181456,1619,-0.40127961625697683,-1240.9699999999975,2,0,1.0
own_minus_peer1_s lo 25%,own_minus_peer1_s,all,lo,0.25,-0.3903846394213314,2023,-0.5642946911655826,-1925.75499999999,2,0,1.0
own_minus_peer1_s lo 30%,own_minus_peer1_s,all,lo,0.3,-0.30001021287242124,2428,-0.5201981023856852,-1946.6449999999822,2,0,1.0
own_minus_peer1_s hi 5%,own_minus_peer1_s,all,hi,0.05,1.1129438827231635,405,-0.08519955941475235,-133.67499999999563,3,1,1.0
own_minus_peer1_s hi 10%,own_minus_peer1_s,all,hi,0.1,0.7790892243122075,810,0.6241587371530948,1311.0000000000073,1,1,1.0
own_minus_peer1_s hi 15%,own_minus_peer1_s,all,hi,0.15,0.6055106554860351,1214,-0.5126316177067033,-1390.9599999999919,2,1,1.0
own_minus_peer1_s hi 20%,own_minus_peer1_s,all,hi,0.2,0.47228827218506875,1619,-0.5985259583560429,-1883.6499999999796,2,1,1.0
own_minus_peer1_s hi 25%,own_minus_peer1_s,all,hi,0.25,0.36438255040244116,2023,-0.6033698047871425,-2131.3349999999846,1,1,1.0
own_minus_peer1_s hi 30%,own_minus_peer1_s,all,hi,0.3,0.2776217588728088,2428,-0.4354665271091093,-1659.5449999999764,2,1,1.0
sr10 lo 5%,sr10,all,lo,0.05,0.38643885944223927,405,1.1511435980494868,1749.690000000006,4,6,1.0
sr10 lo 10%,sr10,all,lo,0.1,0.5771137748356495,810,0.5476886872833986,1165.265000000003,4,6,1.0
sr10 lo 15%,sr10,all,lo,0.15,0.7574692654355082,1214,0.04637681652128563,132.29500000000553,3,6,1.0
sr10 lo 20%,sr10,all,lo,0.2,0.9237568513152745,1619,0.025710817898042287,89.32500000002256,4,6,1.0
sr10 lo 25%,sr10,all,lo,0.25,1.1021109979364208,2023,0.22598801815558503,909.9550000000272,3,6,1.0
sr10 lo 30%,sr10,all,lo,0.3,1.2600569498166208,2428,0.3931097764895418,1713.6250000000255,3,6,1.0
sr10 hi 5%,sr10,all,hi,0.05,4.698070226897426,405,-1.790304839869072,-2779.8349999999955,2,0,1.0
sr10 hi 10%,sr10,all,hi,0.1,4.07423964689744,810,-1.0242968169505018,-2419.2750000000087,1,0,1.0
sr10 hi 15%,sr10,all,hi,0.15,3.6222005635198813,1214,-1.1466641935868165,-3207.4100000000108,1,0,1.0
sr10 hi 20%,sr10,all,hi,0.2,3.2688149979815,1619,-1.3426273582650095,-4475.325000000012,1,0,1.0
sr10 hi 25%,sr10,all,hi,0.25,2.9843704417248635,2023,-1.376496937615559,-5311.520000000011,1,0,1.0
sr10 hi 30%,sr10,all,hi,0.3,2.73459529225356,2428,-1.4796439460067254,-6421.395000000004,1,0,1.0
sr20 lo 5%,sr20,all,lo,0.05,0.5523788088713413,405,1.7541659145280335,2566.5050000000047,6,6,0.975
sr20 lo 10%,sr20,all,lo,0.1,0.8777835873768915,810,0.514233544508468,1179.6400000000067,3,6,1.0
sr20 lo 15%,sr20,all,lo,0.15,1.169661271874162,1214,0.29686354535688925,855.2900000000154,2,6,1.0
sr20 lo 20%,sr20,all,lo,0.2,1.4383715041436536,1619,0.19587383096583552,682.5800000000163,4,6,1.0
sr20 lo 25%,sr20,all,lo,0.25,1.6731866501205261,2023,0.3000160249392418,1207.7850000000253,4,6,1.0
sr20 lo 30%,sr20,all,lo,0.3,1.938426867339266,2428,0.035890989029403575,164.6450000000259,3,6,1.0
sr20 hi 5%,sr20,all,hi,0.05,6.876465094417009,405,-1.4659344837803947,-2488.829999999987,3,0,1.0
sr20 hi 10%,sr20,all,hi,0.1,6.000658258997596,810,-0.9094592338793865,-2299.569999999989,3,0,1.0
sr20 hi 15%,sr20,all,hi,0.15,5.45872014658061,1214,-0.8648833498630395,-2686.2749999999796,2,0,1.0
sr20 hi 20%,sr20,all,hi,0.2,4.9731423636399805,1619,-1.2926616043285188,-4640.429999999986,2,0,1.0
sr20 hi 25%,sr20,all,hi,0.25,4.579473281869482,2023,-1.3103320886687686,-5200.969999999979,2,0,1.0
sr20 hi 30%,sr20,all,hi,0.3,4.231760726556778,2428,-1.4699340239114596,-6425.454999999987,1,0,1.0
adx14 bull_put lo 5%,adx14,bull_put,lo,0.05,12.252018388887139,315,0.4119633345308446,618.5800000000017,4,1,1.0
adx14 bull_put lo 10%,adx14,bull_put,lo,0.1,13.650655547494106,629,-0.7520856980920246,-1463.9650000000001,2,1,1.0
adx14 bull_put lo 15%,adx14,bull_put,lo,0.15,14.737929441709742,944,-1.722276574646617,-3936.0250000000087,1,1,1.0
adx14 bull_put lo 20%,adx14,bull_put,lo,0.2,15.706732811861418,1258,-1.1099972334430244,-2942.7149999999965,3,1,1.0
adx14 bull_put lo 25%,adx14,bull_put,lo,0.25,16.836987676579206,1572,-0.9433092988602825,-2993.594999999994,3,1,1.0
adx14 bull_put lo 30%,adx14,bull_put,lo,0.3,17.78568190197621,1887,-0.47827798380782716,-1749.9099999999817,3,1,1.0
adx14 bull_put hi 5%,adx14,bull_put,hi,0.05,43.5878488799523,315,-0.054888959663004847,-101.56999999997788,3,0,1.0
adx14 bull_put hi 10%,adx14,bull_put,hi,0.1,38.138088286814316,629,-0.6631792839182792,-1644.164999999979,1,0,1.0
adx14 bull_put hi 15%,adx14,bull_put,hi,0.15,34.546589526798925,944,-2.5758034096797213,-7539.839999999964,1,0,1.0
adx14 bull_put hi 20%,adx14,bull_put,hi,0.2,31.48653761368953,1258,-2.8827426765484785,-9728.269999999964,1,0,1.0
adx14 bull_put hi 25%,adx14,bull_put,hi,0.25,29.623130562185775,1572,-2.1885459003022123,-8216.164999999964,1,0,1.0
adx14 bull_put hi 30%,adx14,bull_put,hi,0.3,27.90251561008137,1887,-2.1001011671516068,-8773.499999999956,2,0,1.0
adx14 bear_call lo 5%,adx14,bear_call,lo,0.05,12.425875020831036,91,0.7012055343323707,479.6450000000041,4,5,1.0
adx14 bear_call lo 10%,adx14,bear_call,lo,0.1,14.289776616319841,181,1.0714375957708189,988.3200000000033,4,5,1.0
adx14 bear_call lo 15%,adx14,bear_call,lo,0.15,15.19175794662654,271,1.11345211496632,1271.2050000000017,3,5,1.0
adx14 bear_call lo 20%,adx14,bear_call,lo,0.2,16.22686345698082,361,0.7270792480324058,952.2249999999985,4,5,1.0
adx14 bear_call lo 25%,adx14,bear_call,lo,0.25,17.33683202423949,451,0.146547419782108,209.69000000000233,4,5,1.0
adx14 bear_call lo 30%,adx14,bear_call,lo,0.3,18.45088661031368,541,-0.007956088698677196,-13.38999999999578,3,5,1.0
adx14 bear_call hi 5%,adx14,bear_call,hi,0.05,41.50544991367032,91,0.3874912917620308,251.02000000000407,2,4,1.0
adx14 bear_call hi 10%,adx14,bear_call,hi,0.1,37.45641451270862,181,-0.05405472955343111,-53.53499999999622,3,4,1.0
adx14 bear_call hi 15%,adx14,bear_call,hi,0.15,34.40442003121378,271,-0.3470558539872766,-394.6049999999959,3,4,1.0
adx14 bear_call hi 20%,adx14,bear_call,hi,0.2,32.02301717177235,361,0.02318901959040794,32.79500000000917,3,4,1.0
adx14 bear_call hi 25%,adx14,bear_call,hi,0.25,29.89547550824834,451,0.35818081312871475,555.6000000000058,3,4,1.0
adx14 bear_call hi 30%,adx14,bear_call,hi,0.3,28.19615995653732,541,0.8701831041022461,1485.3650000000125,3,4,1.0
bbw_pct bull_put lo 5%,bbw_pct,bull_put,lo,0.05,0.041666666666666664,370,-1.882091103585386,-2763.7599999999948,2,0,1.0
bbw_pct bull_put lo 10%,bbw_pct,bull_put,lo,0.1,0.08333333333333333,646,-1.4355279773686536,-2933.9400000000023,1,0,1.0
bbw_pct bull_put lo 15%,bbw_pct,bull_put,lo,0.15,0.13333333333333333,1010,-1.7248372570040091,-4539.820000000007,2,0,1.0
bbw_pct bull_put lo 20%,bbw_pct,bull_put,lo,0.2,0.175,1286,-2.0072110761528044,-6571.140000000014,1,0,1.0
bbw_pct bull_put lo 25%,bbw_pct,bull_put,lo,0.25,0.21666666666666667,1585,-1.6852363029149442,-6116.2300000000105,1,0,1.0
bbw_pct bull_put lo 30%,bbw_pct,bull_put,lo,0.3,0.26666666666666666,1906,-1.8531594001866905,-7377.665000000001,1,0,1.0
bbw_pct bull_put hi 5%,bbw_pct,bull_put,hi,0.05,0.9666666666666667,351,-3.2041767602027393,-5104.474999999995,1,0,1.0
bbw_pct bull_put hi 10%,bbw_pct,bull_put,hi,0.1,0.9083333333333333,660,-3.274497413437464,-8166.909999999996,1,0,1.0
bbw_pct bull_put hi 15%,bbw_pct,bull_put,hi,0.15,0.8583333333333333,963,-2.406415252029348,-7579.669999999995,1,0,1.0
bbw_pct bull_put hi 20%,bbw_pct,bull_put,hi,0.2,0.7916666666666666,1290,-2.1593084435194774,-7284.9050000000025,1,0,1.0
bbw_pct bull_put hi 25%,bbw_pct,bull_put,hi,0.25,0.7416666666666667,1583,-2.5407674994286134,-9451.984999999997,1,0,1.0
bbw_pct bull_put hi 30%,bbw_pct,bull_put,hi,0.3,0.6833333333333333,1905,-2.428672300609011,-10557.834999999992,0,0,1.0
bbw_pct bear_call lo 5%,bbw_pct,bear_call,lo,0.05,0.03333333333333333,94,1.328225750387391,727.6600000000035,3,4,1.0
bbw_pct bear_call lo 10%,bbw_pct,bear_call,lo,0.1,0.09166666666666666,197,0.029874970837702845,28.280000000002474,3,4,1.0
bbw_pct bear_call lo 15%,bbw_pct,bear_call,lo,0.15,0.14166666666666666,278,0.4409286840877699,523.1050000000032,4,4,1.0
bbw_pct bear_call lo 20%,bbw_pct,bear_call,lo,0.2,0.2050000000000002,361,0.03252134109290326,44.53500000000349,4,4,1.0
bbw_pct bear_call lo 25%,bbw_pct,bear_call,lo,0.25,0.275,461,-0.45126237052591023,-695.2249999999949,2,4,1.0
bbw_pct bear_call lo 30%,bbw_pct,bear_call,lo,0.3,0.325,542,-0.2753579256744027,-445.6849999999904,2,4,1.0
bbw_pct bear_call hi 5%,bbw_pct,bear_call,hi,0.05,1.0,109,2.2417334356486145,1594.525000000005,4,6,0.69
bbw_pct bear_call hi 10%,bbw_pct,bear_call,hi,0.1,0.95,189,1.5243609727551755,1457.445000000007,4,6,0.995
bbw_pct bear_call hi 15%,bbw_pct,bear_call,hi,0.15,0.9083333333333333,281,1.6537819835720198,1865.8900000000067,5,6,0.99
bbw_pct bear_call hi 20%,bbw_pct,bear_call,hi,0.2,0.8666666666666667,362,1.9416989554735704,2496.0750000000116,6,6,0.94
bbw_pct bear_call hi 25%,bbw_pct,bear_call,hi,0.25,0.8083333333333333,460,1.574205614146289,2346.9500000000116,4,6,0.99
bbw_pct bear_call hi 30%,bbw_pct,bear_call,hi,0.3,0.7583333333333333,543,1.281564807675162,2096.1150000000052,5,6,1.0
atr_ratio bull_put lo 5%,atr_ratio,bull_put,lo,0.05,0.6903009272282965,315,-1.435645692728603,-1783.945000000007,1,0,1.0
atr_ratio bull_put lo 10%,atr_ratio,bull_put,lo,0.1,0.744330325596754,629,-1.5243880793456377,-2995.8000000000175,1,0,1.0
atr_ratio bull_put lo 15%,atr_ratio,bull_put,lo,0.15,0.7840376576723691,944,-1.6816655881549945,-4706.085000000014,0,0,1.0
atr_ratio bull_put lo 20%,atr_ratio,bull_put,lo,0.2,0.8159515697641021,1258,-2.3948112828329307,-7447.430000000015,0,0,1.0
atr_ratio bull_put lo 25%,atr_ratio,bull_put,lo,0.25,0.8439291471417116,1572,-2.6700261451145937,-10091.365000000013,0,0,1.0
atr_ratio bull_put lo 30%,atr_ratio,bull_put,lo,0.3,0.8704485083694312,1887,-2.4797224262254622,-10532.200000000012,0,0,1.0
atr_ratio bull_put hi 5%,atr_ratio,bull_put,hi,0.05,1.4648116213993534,315,-0.05173070337095854,-72.46999999999753,4,1,1.0
atr_ratio bull_put hi 10%,atr_ratio,bull_put,hi,0.1,1.3359950111680412,629,0.04341523377316643,86.67500000001746,4,1,1.0
atr_ratio bull_put hi 15%,atr_ratio,bull_put,hi,0.15,1.2482630557011603,944,-0.6046610431779005,-1574.3649999999834,2,1,1.0
atr_ratio bull_put hi 20%,atr_ratio,bull_put,hi,0.2,1.1884384102477858,1258,-0.30411952777312073,-965.1449999999786,2,1,1.0
atr_ratio bull_put hi 25%,atr_ratio,bull_put,hi,0.25,1.1392048854078975,1572,-0.7504479128094097,-2811.049999999974,3,1,1.0
atr_ratio bull_put hi 30%,atr_ratio,bull_put,hi,0.3,1.0967471668091855,1887,-1.074130583203628,-4438.7799999999625,1,1,1.0
atr_ratio bear_call lo 5%,atr_ratio,bear_call,lo,0.05,0.7106226352238474,91,0.6668881947205255,466.72499999999854,3,6,1.0
atr_ratio bear_call lo 10%,atr_ratio,bear_call,lo,0.1,0.7572737405092315,181,0.5129153073868897,482.5250000000051,2,6,1.0
atr_ratio bear_call lo 15%,atr_ratio,bear_call,lo,0.15,0.8026191019069815,271,0.9874727296627734,1146.7050000000017,2,6,1.0
atr_ratio bear_call lo 20%,atr_ratio,bear_call,lo,0.2,0.8302635694738806,361,0.8717726735125411,1180.4350000000086,3,6,1.0
atr_ratio bear_call lo 25%,atr_ratio,bear_call,lo,0.25,0.8564587068982619,451,1.1161325942123077,1659.0400000000081,3,6,1.0
atr_ratio bear_call lo 30%,atr_ratio,bear_call,lo,0.3,0.8819412693905604,541,0.818732187740663,1329.2300000000105,4,6,1.0
atr_ratio bear_call hi 5%,atr_ratio,bear_call,hi,0.05,1.4133651362012303,91,1.3153193888729366,857.6300000000047,4,6,1.0
atr_ratio bear_call hi 10%,atr_ratio,bear_call,hi,0.1,1.269466797696055,181,1.4933443408115896,1093.9150000000081,5,6,0.995
atr_ratio bear_call hi 15%,atr_ratio,bear_call,hi,0.15,1.2018871093767813,271,0.6797196071366699,695.8150000000096,3,6,1.0
atr_ratio bear_call hi 20%,atr_ratio,bear_call,hi,0.2,1.155665315022807,361,0.9412015980121045,1222.130000000012,4,6,1.0
atr_ratio bear_call hi 25%,atr_ratio,bear_call,hi,0.25,1.1133614388107775,451,0.5735607887386439,804.58500000001,4,6,1.0
atr_ratio bear_call hi 30%,atr_ratio,bear_call,hi,0.3,1.0821717523392156,541,0.7278640513096186,1145.3800000000156,4,6,1.0
nr7 bull_put = 1,nr7,bull_put,hi,,1.0,979,-2.276464218159078,-5808.609999999993,0,0,1.0
nr7 bull_put = 0,nr7,bull_put,lo,,0.0,5309,-2.3093808567672167,-19585.53999999996,0,0,1.0
nr7 bear_call = 1,nr7,bear_call,hi,,1.0,277,-0.29607699364891854,-302.5249999999942,3,0,1.0
nr7 bear_call = 0,nr7,bear_call,lo,,0.0,1527,1.2472119331665517,4410.820000000014,4,1,1.0
inside bull_put = 1,inside,bull_put,hi,,1.0,806,-0.13822593847311662,-312.63999999998487,2,0,1.0
inside bull_put = 0,inside,bull_put,lo,,0.0,5482,-2.7251261695654567,-22928.86499999996,0,0,1.0
inside bear_call = 1,inside,bear_call,hi,,1.0,189,-0.8316753316616048,-655.25,2,0,1.0
inside bear_call = 0,inside,bear_call,lo,,0.0,1615,1.0126588129261402,3820.0850000000137,4,1,1.0
rv20 bull_put lo 5%,rv20,bull_put,lo,0.05,0.11186045983474077,315,0.5522532156745489,742.2750000000087,3,1,1.0
rv20 bull_put lo 10%,rv20,bull_put,lo,0.1,0.13189063525278819,629,-1.2441227401000683,-2804.689999999995,2,1,1.0
rv20 bull_put lo 15%,rv20,bull_put,lo,0.15,0.14544105285325046,944,-1.5573748529436784,-4328.489999999987,3,1,1.0
rv20 bull_put lo 20%,rv20,bull_put,lo,0.2,0.15797262786053845,1258,-0.7654197968099831,-2397.569999999985,3,1,1.0
rv20 bull_put lo 25%,rv20,bull_put,lo,0.25,0.17077917822010907,1572,-1.2877153419339369,-4441.45499999998,3,1,1.0
rv20 bull_put lo 30%,rv20,bull_put,lo,0.3,0.18190394363220216,1887,-1.9072743295179413,-7272.844999999987,1,1,1.0
rv20 bull_put hi 5%,rv20,bull_put,hi,0.05,0.5037077216313095,315,-1.076000993693227,-1604.4000000000015,1,0,1.0
rv20 bull_put hi 10%,rv20,bull_put,hi,0.1,0.4183484337938308,629,-1.9538711153285984,-4572.519999999997,1,0,1.0
rv20 bull_put hi 15%,rv20,bull_put,hi,0.15,0.3696103868124898,944,-2.240015711524091,-6146.059999999998,2,0,1.0
rv20 bull_put hi 20%,rv20,bull_put,hi,0.2,0.3362392164162159,1258,-2.181682752794734,-7257.244999999995,2,0,1.0
rv20 bull_put hi 25%,rv20,bull_put,hi,0.25,0.31111202873737803,1572,-2.643311628990454,-9693.554999999993,2,0,1.0
rv20 bull_put hi 30%,rv20,bull_put,hi,0.3,0.2905353258829571,1887,-2.372305417665619,-10530.344999999987,2,0,1.0
rv20 bear_call lo 5%,rv20,bear_call,lo,0.05,0.14225877233981463,91,-0.9085263008184282,-682.0749999999971,1,2,1.0
rv20 bear_call lo 10%,rv20,bear_call,lo,0.1,0.16334903144670887,181,0.5091139538335823,479.5499999999993,3,2,1.0
rv20 bear_call lo 15%,rv20,bear_call,lo,0.15,0.1789835209464051,271,0.25617288711170405,281.005000000001,2,2,1.0
rv20 bear_call lo 20%,rv20,bear_call,lo,0.2,0.19513708359262535,361,-0.6087580899007945,-777.375,1,2,1.0
rv20 bear_call lo 25%,rv20,bear_call,lo,0.25,0.2096871626434654,451,-0.8012668593659849,-1190.0750000000007,1,2,1.0
rv20 bear_call lo 30%,rv20,bear_call,lo,0.3,0.22344325411324012,541,-0.1680275721262218,-302.8099999999977,2,2,1.0
rv20 bear_call hi 5%,rv20,bear_call,hi,0.05,0.5925281133342276,91,-0.37491120210752155,-227.28999999998996,3,5,1.0
rv20 bear_call hi 10%,rv20,bear_call,hi,0.1,0.49552007081404903,181,0.6512067960502169,526.0600000000122,3,5,1.0
rv20 bear_call hi 15%,rv20,bear_call,hi,0.15,0.42363486054473304,271,0.6510464082369046,685.0500000000175,4,5,1.0
rv20 bear_call hi 20%,rv20,bear_call,hi,0.2,0.393879367962101,361,1.1655270973691056,1602.9900000000162,5,5,1.0
rv20 bear_call hi 25%,rv20,bear_call,hi,0.25,0.37195730576490904,451,1.5890632633927857,2528.1750000000175,5,5,0.99
rv20 bear_call hi 30%,rv20,bear_call,hi,0.3,0.3511441675225451,541,1.1873521008420536,1888.2750000000233,5,5,1.0
peer_corr bull_put lo 5%,peer_corr,bull_put,lo,0.05,0.3880806215066171,315,-0.5675392271711949,-785.8949999999968,1,2,1.0
peer_corr bull_put lo 10%,peer_corr,bull_put,lo,0.1,0.42697150703649883,629,0.836013280222964,1835.3350000000064,4,2,1.0
peer_corr bull_put lo 15%,peer_corr,bull_put,lo,0.15,0.4574353342361968,944,0.5400506888552207,1346.2900000000154,3,2,1.0
peer_corr bull_put lo 20%,peer_corr,bull_put,lo,0.2,0.48358544717863816,1258,-0.370482115755049,-1120.024999999987,2,2,1.0
peer_corr bull_put lo 25%,peer_corr,bull_put,lo,0.25,0.5080944277778336,1572,-0.5353611641538375,-1800.709999999981,3,2,1.0
peer_corr bull_put lo 30%,peer_corr,bull_put,lo,0.3,0.5302815259123639,1887,-1.1265757111724424,-4358.00999999998,1,2,1.0
peer_corr bull_put hi 5%,peer_corr,bull_put,hi,0.05,0.8552022163234082,315,-1.547630847458835,-3248.090000000011,1,0,1.0
peer_corr bull_put hi 10%,peer_corr,bull_put,hi,0.1,0.812737099333257,629,-1.891836401659072,-5440.290000000012,1,0,1.0
peer_corr bull_put hi 15%,peer_corr,bull_put,hi,0.15,0.7851293918185283,944,-1.5911430562269155,-5511.505000000012,0,0,1.0
peer_corr bull_put hi 20%,peer_corr,bull_put,hi,0.2,0.7674775346700439,1258,-1.0498013607359127,-4190.460000000028,2,0,1.0
peer_corr bull_put hi 25%,peer_corr,bull_put,hi,0.25,0.7459915554920654,1572,-1.4194460564302964,-6119.665000000023,1,0,1.0
peer_corr bull_put hi 30%,peer_corr,bull_put,hi,0.3,0.7260272052310134,1887,-1.4322134711385635,-6710.610000000015,1,0,1.0
peer_corr bear_call lo 5%,peer_corr,bear_call,lo,0.05,0.32438426936696196,91,-0.07516087336094972,-64.85499999999593,2,4,1.0
peer_corr bear_call lo 10%,peer_corr,bear_call,lo,0.1,0.39711267128154004,181,-0.44672388115073997,-477.0399999999936,1,4,1.0
peer_corr bear_call lo 15%,peer_corr,bear_call,lo,0.15,0.42461653335946875,271,0.12191529754725439,156.93500000001222,1,4,1.0
peer_corr bear_call lo 20%,peer_corr,bear_call,lo,0.2,0.4525121178538154,361,0.12744273649706198,199.57000000000698,1,4,1.0
peer_corr bear_call lo 25%,peer_corr,bear_call,lo,0.25,0.4777379549642539,451,0.5228800705115272,942.1500000000087,3,4,1.0
peer_corr bear_call lo 30%,peer_corr,bear_call,lo,0.3,0.501478904489962,541,0.6469327525036183,1256.180000000004,4,4,1.0
peer_corr bear_call hi 5%,peer_corr,bear_call,hi,0.05,0.8474415256033972,91,2.3072183726356053,1017.6450000000041,3,4,0.605
peer_corr bear_call hi 10%,peer_corr,bear_call,hi,0.1,0.8248891791075017,181,2.1355412458776346,1911.2250000000022,3,4,0.81
peer_corr bear_call hi 15%,peer_corr,bear_call,hi,0.15,0.7995336596418549,271,1.417359613512887,1500.760000000002,3,4,1.0
peer_corr bear_call hi 20%,peer_corr,bear_call,hi,0.2,0.782005697302806,361,0.483818494843981,629.8050000000076,2,4,1.0
peer_corr bear_call hi 25%,peer_corr,bear_call,hi,0.25,0.7611363892509274,451,-0.4906667948288865,-711.4149999999863,2,4,1.0
peer_corr bear_call hi 30%,peer_corr,bear_call,hi,0.3,0.7352806155801421,541,-0.21394154351850123,-357.1299999999901,2,4,1.0
ret1z_s >= 1.0 sigma,ret1z_s,all,abs,1.0,1.0,1183,-0.6367101322458628,-1848.284999999989,2,0,1.0
peer_ret1z_s >= 1.0 sigma,peer_ret1z_s,all,abs,1.0,1.0,877,-0.7985901062071035,-2063.9249999999884,2,0,1.0
ret1z_s >= 1.5 sigma,ret1z_s,all,abs,1.5,1.5,509,-0.5240600358864531,-871.1800000000003,2,0,1.0
peer_ret1z_s >= 1.5 sigma,peer_ret1z_s,all,abs,1.5,1.5,273,-0.19195935809062958,-261.71000000000276,4,0,1.0
ret1z_s >= 2.0 sigma,ret1z_s,all,abs,2.0,2.0,197,-1.2445861907655802,-1438.0049999999974,2,0,1.0
peer_ret1z_s >= 2.0 sigma,peer_ret1z_s,all,abs,2.0,2.0,64,-1.4468097495832175,-1077.130000000001,3,0,1.0
ret1z_s >= 2.5 sigma,ret1z_s,all,abs,2.5,2.5,69,-1.3168944908808584,-671.4699999999939,3,0,1.0
peer_ret1z_s >= 2.5 sigma,peer_ret1z_s,all,abs,2.5,2.5,10,-0.9916238152154011,-248.00999999999476,1,0,1.0
