feat,beta,dPnL,t,yrs_up,swapped,p_fwer
ret1z_s,-0.5,-2781,-0.93,2,675,1.0
ret1z_s,-0.2,-1309,-0.65,3,346,1.0
ret1z_s,0.2,-809,-0.4,3,326,1.0
ret1z_s,0.5,440,0.15,3,646,1.0
ret2z_s,-0.5,58,0.02,5,655,1.0
ret2z_s,-0.2,-2139,-1.13,1,335,1.0
ret2z_s,0.2,-553,-0.26,4,340,1.0
ret2z_s,0.5,96,0.03,2,662,1.0
ret5z_s,-0.5,1083,0.36,2,700,1.0
ret5z_s,-0.2,38,0.02,3,367,1.0
ret5z_s,0.2,864,0.4,4,335,1.0
ret5z_s,0.5,-1589,-0.49,2,646,1.0
ret10z_s,-0.5,-3453,-1.08,2,689,1.0
ret10z_s,-0.2,632,0.29,4,357,1.0
ret10z_s,0.2,1178,0.53,4,334,1.0
ret10z_s,0.5,1803,0.53,4,689,1.0
ret20z_s,-0.5,-2174,-0.65,3,718,1.0
ret20z_s,-0.2,-579,-0.26,2,346,1.0
ret20z_s,0.2,-612,-0.26,3,342,1.0
ret20z_s,0.5,-634,-0.2,3,677,1.0
xs5z_s,-0.5,-2275,-0.71,1,715,1.0
xs5z_s,-0.2,-568,-0.27,2,366,1.0
xs5z_s,0.2,2518,1.31,6,329,0.96
xs5z_s,0.5,1661,0.54,3,692,1.0
xs20z_s,-0.5,-3213,-0.92,2,734,1.0
xs20z_s,-0.2,572,0.24,3,377,1.0
xs20z_s,0.2,-1313,-0.58,1,349,1.0
xs20z_s,0.5,464,0.14,4,702,1.0
rsi2c_s,-0.5,-532,-0.16,3,721,1.0
rsi2c_s,-0.2,-743,-0.34,3,372,1.0
rsi2c_s,0.2,626,0.28,5,345,1.0
rsi2c_s,0.5,-733,-0.23,3,700,1.0
rsi14c_s,-0.5,-3202,-0.95,2,735,1.0
rsi14c_s,-0.2,-525,-0.23,2,371,1.0
rsi14c_s,0.2,-1870,-0.82,2,349,1.0
rsi14c_s,0.5,3842,1.14,5,693,0.995
clv_s,-0.5,-2244,-0.71,1,708,1.0
clv_s,-0.2,-367,-0.18,2,360,1.0
clv_s,0.2,-1564,-0.73,3,333,1.0
clv_s,0.5,-2904,-0.91,2,688,1.0
clv3_s,-0.5,1461,0.5,5,667,1.0
clv3_s,-0.2,1159,0.57,3,338,1.0
clv3_s,0.2,-3096,-1.52,1,323,1.0
clv3_s,0.5,-3882,-1.31,2,671,1.0
dsma10_s,-0.5,-1685,-0.52,3,707,1.0
dsma10_s,-0.2,367,0.17,3,372,1.0
dsma10_s,0.2,934,0.45,4,326,1.0
dsma10_s,0.5,2142,0.67,4,665,1.0
dsma20_s,-0.5,-3056,-0.94,3,713,1.0
dsma20_s,-0.2,669,0.29,3,362,1.0
dsma20_s,0.2,-719,-0.31,3,342,1.0
dsma20_s,0.5,2108,0.63,4,686,1.0
dsma50_s,-0.5,-517,-0.15,4,746,1.0
dsma50_s,-0.2,-758,-0.34,3,361,1.0
dsma50_s,0.2,-330,-0.14,3,363,1.0
dsma50_s,0.5,354,0.11,3,705,1.0
macd_h_s,-0.5,-5132,-1.56,1,699,1.0
macd_h_s,-0.2,-938,-0.42,3,371,1.0
macd_h_s,0.2,-94,-0.04,3,338,1.0
macd_h_s,0.5,3017,0.91,4,684,1.0
macd_slope_s,-0.5,-2073,-0.68,4,666,1.0
macd_slope_s,-0.2,-707,-0.35,3,346,1.0
macd_slope_s,0.2,937,0.46,3,334,1.0
macd_slope_s,0.5,-2206,-0.84,2,668,1.0
di_s,-0.5,226,0.07,3,737,1.0
di_s,-0.2,604,0.29,4,352,1.0
di_s,0.2,-89,-0.04,2,364,1.0
di_s,0.5,1546,0.46,4,696,1.0
pctb_s,-0.5,-1658,-0.5,3,733,1.0
pctb_s,-0.2,85,0.04,3,373,1.0
pctb_s,0.2,-87,-0.04,3,344,1.0
pctb_s,0.5,2520,0.75,4,702,1.0
stoch14_s,-0.5,-1526,-0.48,3,739,1.0
stoch14_s,-0.2,111,0.05,3,366,1.0
stoch14_s,0.2,-1090,-0.48,1,346,1.0
stoch14_s,0.5,5230,1.63,5,677,0.745
upcount10_s,-0.5,-2434,-0.76,3,723,1.0
upcount10_s,-0.2,208,0.1,3,362,1.0
upcount10_s,0.2,-2106,-0.91,0,340,1.0
upcount10_s,0.5,-2014,-0.64,3,677,1.0
gap_s,-0.5,-611,-0.24,3,513,1.0
gap_s,-0.2,159,0.09,3,255,1.0
gap_s,0.2,-2319,-1.28,2,268,1.0
gap_s,0.5,-403,-0.15,2,532,1.0
spy_ret1z_s,-0.5,-1348,-0.63,2,279,1.0
spy_ret1z_s,-0.2,288,0.19,2,155,1.0
spy_ret1z_s,0.2,1619,1.12,5,148,0.995
spy_ret1z_s,0.5,295,0.15,5,263,1.0
spy_ret5z_s,-0.5,2409,1.11,5,306,0.995
spy_ret5z_s,-0.2,49,0.03,2,156,1.0
spy_ret5z_s,0.2,-410,-0.23,3,151,1.0
spy_ret5z_s,0.5,184,0.07,4,268,1.0
spy_rsi2c_s,-0.5,2214,1.02,4,319,1.0
spy_rsi2c_s,-0.2,-512,-0.37,2,167,1.0
spy_rsi2c_s,0.2,-223,-0.14,3,159,1.0
spy_rsi2c_s,0.5,2175,0.82,4,309,1.0
spy_dsma20_s,-0.5,1655,0.7,3,309,1.0
spy_dsma20_s,-0.2,1449,0.94,4,162,1.0
spy_dsma20_s,0.2,-529,-0.27,3,169,1.0
spy_dsma20_s,0.5,-541,-0.19,4,288,1.0
ret_today_s,-0.5,-1523,-0.6,4,590,1.0
ret_today_s,-0.2,-2303,-1.14,2,315,1.0
ret_today_s,0.2,-2329,-1.17,3,300,1.0
ret_today_s,0.5,-2120,-0.77,3,595,1.0
peer_ret1z_s,-0.5,-3124,-1.16,2,562,1.0
peer_ret1z_s,-0.2,-1687,-0.88,2,300,1.0
peer_ret1z_s,0.2,2888,1.39,5,272,0.93
peer_ret1z_s,0.5,2458,0.89,4,536,1.0
peer_ret5z_s,-0.5,108,0.04,3,582,1.0
peer_ret5z_s,-0.2,-1150,-0.61,3,292,1.0
peer_ret5z_s,0.2,3044,1.52,5,281,0.845
peer_ret5z_s,0.5,1792,0.57,4,563,1.0
own_minus_peer1_s,-0.5,-664,-0.22,2,683,1.0
own_minus_peer1_s,-0.2,-1575,-0.72,1,351,1.0
own_minus_peer1_s,0.2,-2826,-1.47,2,373,1.0
own_minus_peer1_s,0.5,-3372,-1.31,2,688,1.0
sr10,-0.5,-967,-0.3,3,681,1.0
sr10,-0.2,-1125,-0.49,1,356,1.0
sr10,0.2,-834,-0.39,2,335,1.0
sr10,0.5,660,0.21,5,671,1.0
sr20,-0.5,-4192,-1.24,2,708,1.0
sr20,-0.2,-249,-0.11,2,353,1.0
sr20,0.2,-2424,-1.05,2,336,1.0
sr20,0.5,-1656,-0.48,2,678,1.0
on1z_s,-0.5,-3778,-1.38,0,561,1.0
on1z_s,-0.2,-1369,-0.73,3,284,1.0
on1z_s,0.2,1481,0.86,3,284,1.0
on1z_s,0.5,4021,1.54,4,578,0.835
in1z_s,-0.5,-587,-0.21,2,658,1.0
in1z_s,-0.2,-1212,-0.59,2,339,1.0
in1z_s,0.2,162,0.07,2,324,1.0
in1z_s,0.5,-393,-0.14,3,641,1.0
on5z_s,-0.5,645,0.24,4,621,1.0
on5z_s,-0.2,1148,0.62,4,312,1.0
on5z_s,0.2,-1014,-0.51,2,299,1.0
on5z_s,0.5,939,0.31,3,624,1.0
in5z_s,-0.5,-1823,-0.61,2,708,1.0
in5z_s,-0.2,-782,-0.38,4,357,1.0
in5z_s,0.2,-989,-0.45,3,327,1.0
in5z_s,0.5,-3334,-1.12,2,649,1.0
body_s,-0.5,-1948,-0.62,3,735,1.0
body_s,-0.2,-3052,-1.52,2,359,1.0
body_s,0.2,-92,-0.04,3,356,1.0
body_s,0.5,-715,-0.22,3,704,1.0
wick_s,-0.5,-1074,-0.37,2,721,1.0
wick_s,-0.2,-2236,-1.07,1,360,1.0
wick_s,0.2,-1595,-0.79,2,342,1.0
wick_s,0.5,329,0.11,4,692,1.0
engulf_s,-0.5,1090,0.59,3,276,1.0
engulf_s,-0.2,713,0.48,3,175,1.0
engulf_s,0.2,-1910,-1.69,3,115,1.0
engulf_s,0.5,-2650,-1.84,0,184,1.0
hammer_s,-0.5,-1530,-0.62,2,423,1.0
hammer_s,-0.2,-543,-0.3,3,255,1.0
hammer_s,0.2,-1618,-0.95,3,233,1.0
hammer_s,0.5,-203,-0.09,2,419,1.0
pos55_s,-0.5,1762,0.54,4,769,1.0
pos55_s,-0.2,-143,-0.07,2,379,1.0
pos55_s,0.2,-1381,-0.6,2,357,1.0
pos55_s,0.5,-1349,-0.39,1,704,1.0
pos250_s,-0.5,-957,-0.31,2,657,1.0
pos250_s,-0.2,87,0.05,2,324,1.0
pos250_s,0.2,-1182,-0.57,3,299,1.0
pos250_s,0.5,1034,0.36,5,572,1.0
streak_s,-0.5,-1954,-0.62,3,671,1.0
streak_s,-0.2,-1485,-0.73,2,340,1.0
streak_s,0.2,238,0.11,4,338,1.0
streak_s,0.5,2074,0.67,3,661,1.0
hhll5_s,-0.5,2012,0.62,3,740,1.0
hhll5_s,-0.2,2996,1.33,3,361,0.95
hhll5_s,0.2,-2050,-0.97,2,335,1.0
hhll5_s,0.5,-4407,-1.35,1,664,1.0
skew60_s,-0.5,-1184,-0.41,2,633,1.0
skew60_s,-0.2,159,0.08,2,326,1.0
skew60_s,0.2,-2240,-1.04,2,333,1.0
skew60_s,0.5,-1172,-0.41,2,640,1.0
dsma200_s,-0.5,-2066,-0.58,1,782,1.0
dsma200_s,-0.2,829,0.38,3,356,1.0
dsma200_s,0.2,-3501,-1.61,3,326,1.0
dsma200_s,0.5,-2505,-0.8,3,622,1.0
trend50_200_s,-0.5,382,0.11,2,707,1.0
trend50_200_s,-0.2,-1332,-0.63,1,325,1.0
trend50_200_s,0.2,-3068,-1.55,2,305,1.0
trend50_200_s,0.5,-3361,-1.1,2,610,1.0
xq5z_s,-0.5,-209,-0.07,2,680,1.0
xq5z_s,-0.2,-1637,-0.76,2,365,1.0
xq5z_s,0.2,601,0.32,2,316,1.0
xq5z_s,0.5,685,0.22,2,663,1.0
xi5z_s,-0.5,2863,1.01,4,645,1.0
xi5z_s,-0.2,-80,-0.04,3,324,1.0
xi5z_s,0.2,-1562,-0.77,1,312,1.0
xi5z_s,0.5,-2425,-0.87,1,623,1.0
adx14,-0.5,-1572,-0.48,2,713,1.0
adx14,-0.2,-731,-0.34,2,359,1.0
adx14,0.2,-423,-0.19,3,350,1.0
adx14,0.5,318,0.09,3,691,1.0
adx14_xs,-0.5,-3209,-0.92,3,652,1.0
adx14_xs,-0.2,-1714,-0.72,3,327,1.0
adx14_xs,0.2,2165,1.08,3,276,0.995
adx14_xs,0.5,6273,2.08,4,519,0.305
bbw_pct,-0.5,-556,-0.17,4,686,1.0
bbw_pct,-0.2,1863,0.96,4,329,1.0
bbw_pct,0.2,-3468,-1.67,1,386,1.0
bbw_pct,0.5,-643,-0.2,2,769,1.0
bbw_pct_xs,-0.5,-2240,-0.65,4,664,1.0
bbw_pct_xs,-0.2,-1775,-0.78,2,343,1.0
bbw_pct_xs,0.2,393,0.18,2,310,1.0
bbw_pct_xs,0.5,682,0.21,4,613,1.0
atr_ratio,-0.5,-387,-0.15,3,571,1.0
atr_ratio,-0.2,-1583,-0.87,2,268,1.0
atr_ratio,0.2,-247,-0.14,3,285,1.0
atr_ratio,0.5,-1808,-0.64,2,614,1.0
atr_ratio_xs,-0.5,-4519,-1.26,2,548,1.0
atr_ratio_xs,-0.2,-2323,-1.03,3,294,1.0
atr_ratio_xs,0.2,1929,1.02,4,257,1.0
atr_ratio_xs,0.5,4664,1.71,4,429,0.66
nr7,-0.5,-6213,-2.96,0,423,1.0
nr7,-0.2,-2702,-1.84,0,240,1.0
nr7,0.2,1170,0.75,5,229,1.0
nr7,0.5,2304,0.91,3,422,1.0
nr7_xs,-0.5,-5390,-2.38,1,399,1.0
nr7_xs,-0.2,-2039,-1.24,1,235,1.0
nr7_xs,0.2,-113,-0.08,3,215,1.0
nr7_xs,0.5,620,0.26,3,401,1.0
inside,-0.5,-500,-0.25,2,331,1.0
inside,-0.2,1061,0.69,4,207,1.0
inside,0.2,948,0.65,4,217,1.0
inside,0.5,36,0.02,2,374,1.0
inside_xs,-0.5,-238,-0.12,3,340,1.0
inside_xs,-0.2,857,0.54,3,220,1.0
inside_xs,0.2,589,0.42,4,192,1.0
inside_xs,0.5,-953,-0.48,3,334,1.0
rv20,-0.5,-306,-0.11,2,628,1.0
rv20,-0.2,535,0.3,3,325,1.0
rv20,0.2,-2215,-1.22,3,329,1.0
rv20,0.5,-3107,-1.07,2,662,1.0
rv20_xs,-0.5,-4173,-1.21,2,603,1.0
rv20_xs,-0.2,-2572,-1.25,1,294,1.0
rv20_xs,0.2,3583,1.77,4,290,0.595
rv20_xs,0.5,3426,1.2,5,529,0.985
peer_corr,-0.5,-2135,-0.73,2,672,1.0
peer_corr,-0.2,314,0.16,3,328,1.0
peer_corr,0.2,-4074,-2.01,0,340,1.0
peer_corr,0.5,-2443,-0.8,2,686,1.0
peer_corr_xs,-0.5,-1841,-0.48,3,569,1.0
peer_corr_xs,-0.2,-987,-0.48,3,278,1.0
peer_corr_xs,0.2,798,0.39,4,253,1.0
peer_corr_xs,0.5,1046,0.37,5,446,1.0
rv5_20,-0.5,1168,0.4,4,643,1.0
rv5_20,-0.2,16,0.01,2,320,1.0
rv5_20,0.2,-2273,-1.15,2,336,1.0
rv5_20,0.5,-900,-0.29,3,694,1.0
rv5_20_xs,-0.5,-734,-0.21,2,607,1.0
rv5_20_xs,-0.2,-1566,-0.69,2,307,1.0
rv5_20_xs,0.2,1349,0.7,4,279,1.0
rv5_20_xs,0.5,4559,1.64,4,514,0.725
kurt60,-0.5,-5235,-1.9,0,478,1.0
kurt60,-0.2,-3859,-2.35,1,232,1.0
kurt60,0.2,-1298,-0.76,2,275,1.0
kurt60,0.5,-2133,-0.81,2,551,1.0
kurt60_xs,-0.5,-5719,-2.07,1,501,1.0
kurt60_xs,-0.2,-5058,-2.67,1,263,1.0
kurt60_xs,0.2,990,0.62,4,244,1.0
kurt60_xs,0.5,-166,-0.07,3,504,1.0
cushion_atr,-0.5,-101,-0.06,3,204,1.0
cushion_atr,-0.2,-659,-0.67,2,98,1.0
cushion_atr,0.2,-1050,-0.8,1,116,1.0
cushion_atr,0.5,-1155,-0.64,1,226,1.0
cushion_atr_xs,-0.5,1041,0.52,3,255,1.0
cushion_atr_xs,-0.2,-899,-0.77,2,120,1.0
cushion_atr_xs,0.2,-1277,-0.91,1,134,1.0
cushion_atr_xs,0.5,-288,-0.13,3,269,1.0
adverse20,-0.5,-3531,-1.28,0,552,1.0
adverse20,-0.2,-909,-0.51,2,279,1.0
adverse20,0.2,-1493,-0.81,2,284,1.0
adverse20,0.5,617,0.23,3,581,1.0
adverse20_xs,-0.5,2901,1.0,5,532,1.0
adverse20_xs,-0.2,661,0.33,3,278,1.0
adverse20_xs,0.2,-1457,-0.71,4,307,1.0
adverse20_xs,0.5,-2707,-0.77,3,601,1.0
side_only,-0.5,-4103,-1.19,2,463,1.0
side_only,-0.2,-2671,-1.31,3,233,1.0
side_only,0.2,1820,0.98,4,199,1.0
side_only,0.5,6031,2.42,4,319,0.09
