ticker,spread_type,expiry_date,DTE,short_strike,long_strike,p,ro,q,w_star,G,EV,DKL,GROUND,mid_credit,cross_bidask_credit,ba_halfspread_cost,ba_halfspread_pct,short_bid,short_ask,long_bid,long_ask
LOW,bull_put,2026-05-15,3,225.0,222.5,0.486,0.121,0.393,0.3479,0.166448,0.990231,0.125352,0.159766,1.85,0.3500000000000001,1.5,81.08108108108108,2.35,4.7,1.35,2.0
CSX,bear_call,2026-05-15,3,44.0,45.0,0.3714,0.2811,0.3475,0.2556,0.10881,0.7667,0.006717,0.114181,0.75,-0.30000000000000004,1.05,140.0,0.1,1.9,0.1,0.4
GE,bear_call,2026-05-15,3,297.5,300.0,0.4902,0.0839,0.4259,0.2609,0.064917,0.484471,0.177686,0.056152,1.625,0.4500000000000002,1.1749999999999998,72.30769230769229,4.5,6.0,3.2,4.05
MDT,bull_put,2026-05-15,3,77.0,76.0,0.492,0.207,0.301,0.2028,0.026002,0.211082,0.062222,0.024754,0.51,0.22999999999999998,0.28,54.90196078431373,0.75,0.9,0.11,0.52
GE,bull_put,2026-05-15,3,297.5,295.0,0.508,0.085,0.407,0.201,0.028666,0.266395,0.179154,0.024311,1.425,0.14999999999999947,1.2750000000000006,89.47368421052634,4.1,5.7,3.0,3.95
XOM,bull_put,2026-05-15,3,150.0,149.0,0.548,0.073,0.379,0.2186,0.029456,0.251495,0.210226,0.024226,0.535,0.31999999999999984,0.2150000000000002,40.186915887850496,1.94,2.11,1.36,1.62
MMM,bear_call,2026-05-15,3,144.0,145.0,0.5542,0.1075,0.3383,0.2331,0.024011,0.203861,0.165097,0.020603,0.495,0.0,0.495,100.0,1.2,1.57,0.58,1.2
REGN,bull_put,2026-05-15,3,715.0,710.0,0.619,0.067,0.314,0.2447,0.023337,0.186364,0.256878,0.018263,2.25,-3.0999999999999996,5.35,237.77777777777777,5.1,11.5,3.9,8.2
MA,bull_put,2026-05-15,3,500.0,497.5,0.502,0.078,0.42,0.172,0.020102,0.218909,0.189325,0.016803,1.4,0.09999999999999964,1.3000000000000003,92.85714285714289,5.0,5.7,3.0,4.9
DE,bear_call,2026-05-15,3,590.0,595.0,0.5029,0.0897,0.4074,0.1696,0.01902,0.207256,0.170816,0.016187,2.75,-1.6999999999999993,4.449999999999999,161.81818181818178,6.5,11.7,4.5,8.2
PG,bear_call,2026-05-15,3,144.0,145.0,0.5017,0.1317,0.3666,0.1565,0.014734,0.166133,0.1177,0.013195,0.515,0.2699999999999999,0.2450000000000001,47.5728155339806,1.15,1.35,0.59,0.88
BA,bull_put,2026-05-15,3,237.5,235.0,0.487,0.091,0.422,0.15,0.015247,0.187847,0.166022,0.013014,1.39,1.0,0.3899999999999999,28.05755395683453,4.2,4.65,2.87,3.2
MRK,bull_put,2026-05-15,3,112.0,111.0,0.551,0.119,0.33,0.1847,0.0132,0.141121,0.151039,0.011425,0.465,0.16000000000000003,0.305,65.59139784946237,1.03,1.35,0.58,0.87
CSCO,bear_call,2026-05-15,3,100.0,101.0,0.5064,0.0413,0.4523,0.1363,0.011753,0.166633,0.263566,0.009083,0.55,0.30000000000000027,0.24999999999999978,45.45454545454541,3.6,3.85,3.05,3.3
MA,bear_call,2026-05-15,3,500.0,502.5,0.4953,0.0682,0.4365,0.1235,0.009517,0.144939,0.205636,0.007785,1.35,-0.40000000000000036,1.7500000000000004,129.62962962962965,5.1,6.8,3.7,5.5
USB,bear_call,2026-05-15,3,54.0,55.0,0.3836,0.2355,0.3809,0.0963,0.007515,0.127593,0.022869,0.007373,0.57,0.45,0.11999999999999994,21.05263157894736,0.9,1.06,0.37,0.45
QCOM,bull_put,2026-05-15,3,212.5,210.0,0.478,0.048,0.474,0.1056,0.007378,0.134364,0.246161,0.005789,1.4,0.6999999999999993,0.7000000000000006,50.00000000000004,9.0,9.8,7.7,8.3
ISRG,bull_put,2026-05-15,3,430.0,425.0,0.554,0.119,0.327,0.1386,0.006699,0.095536,0.152599,0.00577,2.2,0.0,2.2,100.0,4.5,7.0,2.6,4.5
GOOGL,bull_put,2026-05-18,6,387.5,385.0,0.514,0.068,0.418,0.1124,0.007027,0.11698,0.209118,0.005721,1.275,0.39999999999999947,0.8750000000000004,68.6274509803922,4.8,5.85,3.7,4.4
TXN,bull_put,2026-05-15,3,295.0,292.5,0.521,0.068,0.411,0.11,0.006476,0.11,0.210671,0.005263,1.25,0.25,1.0,80.0,4.4,5.65,3.4,4.15
TSLA,bull_put,2026-05-15,3,435.0,432.5,0.49,0.038,0.472,0.1038,0.006799,0.126889,0.270438,0.005206,1.375,1.200000000000001,0.17499999999999893,12.72727272727265,10.05,10.3,8.75,8.85
VZ,bear_call,2026-05-15,3,48.0,48.5,0.5091,0.1589,0.332,0.1259,0.005703,0.089907,0.09655,0.005193,0.23,0.08000000000000002,0.15,65.21739130434781,0.39,0.6,0.22,0.31
AVGO,bear_call,2026-05-18,6,420.0,422.5,0.4958,0.0415,0.4627,0.1016,0.006292,0.119326,0.26212,0.004856,1.35,-0.7999999999999989,2.149999999999999,159.25925925925918,8.9,10.3,6.8,9.7
HON,bear_call,2026-05-15,3,217.5,220.0,0.4126,0.194,0.3934,0.0775,0.004192,0.090957,0.048193,0.004003,1.35,0.7500000000000002,0.5999999999999999,44.44444444444443,2.45,2.95,1.0,1.7
RTX,bull_put,2026-05-15,3,180.0,177.5,0.427,0.187,0.386,0.0792,0.004119,0.087844,0.054274,0.003909,1.315,0.2899999999999998,1.0250000000000001,77.94676806083652,2.01,3.45,1.11,1.72
AVGO,bear_call,2026-05-20,8,420.0,425.0,0.49,0.0656,0.4444,0.0879,0.004545,0.097179,0.209943,0.003693,2.625,0.25,2.375,90.47619047619048,11.15,13.5,8.5,10.9
NEE,bull_put,2026-05-15,3,95.0,94.0,0.432,0.189,0.379,0.0751,0.003557,0.079722,0.053433,0.003378,0.515,0.09999999999999998,0.41500000000000004,80.58252427184468,0.85,1.27,0.34,0.75
COST,bear_call,2026-05-15,3,1020.0,1025.0,0.4588,0.0857,0.4555,0.0785,0.003992,0.094052,0.172399,0.003367,2.725,1.0500000000000007,1.6749999999999994,61.46788990825686,9.65,11.45,7.05,8.6
DIS,bear_call,2026-05-15,3,106.0,107.0,0.4688,0.1384,0.3928,0.076,0.003292,0.076,0.102705,0.002976,0.5,0.31999999999999995,0.18000000000000005,36.00000000000001,1.17,1.37,0.69,0.85
CRM,bull_put,2026-05-15,3,172.5,170.0,0.449,0.132,0.419,0.0714,0.003198,0.079257,0.107308,0.002877,1.315,1.0500000000000003,0.2649999999999997,20.152091254752825,3.45,3.8,2.22,2.4
TSLA,bull_put,2026-05-20,8,430.0,425.0,0.56,0.061,0.379,0.096,0.003558,0.073636,0.235591,0.002816,2.25,2.049999999999999,0.20000000000000107,8.888888888888937,10.95,11.15,8.7,8.9
AXP,bear_call,2026-05-15,3,315.0,317.5,0.5199,0.1114,0.3687,0.0917,0.003222,0.069888,0.146176,0.002788,1.155,0.18000000000000016,0.9749999999999999,84.4155844155844,2.87,3.85,1.72,2.69
CL,bear_call,2026-05-15,3,87.5,88.0,0.5005,0.0756,0.4239,0.0766,0.003159,0.0766,0.193155,0.002608,0.25,-0.5,0.75,300.0,0.55,1.3,0.3,1.05
TSLA,bull_put,2026-05-18,6,435.0,432.5,0.492,0.037,0.471,0.0743,0.003223,0.083809,0.273051,0.002457,1.325,1.1500000000000004,0.1749999999999996,13.20754716981129,11.5,11.65,10.15,10.35
IBM,bull_put,2026-05-15,3,220.0,217.5,0.465,0.125,0.41,0.0679,0.002679,0.070122,0.117068,0.002386,1.27,0.8199999999999998,0.4500000000000002,35.43307086614175,2.92,3.45,1.73,2.1
JPM,bear_call,2026-05-15,3,305.0,307.5,0.4962,0.1217,0.3821,0.0791,0.002503,0.063073,0.126955,0.002207,1.19,0.8000000000000003,0.3899999999999997,32.77310924369745,3.1,3.5,1.92,2.3
FCX,bull_put,2026-05-15,3,66.0,65.0,0.516,0.102,0.382,0.0767,0.002304,0.059813,0.156746,0.001972,0.465,0.31000000000000005,0.15499999999999997,33.33333333333333,1.47,1.59,0.97,1.16
GM,bull_put,2026-05-15,3,77.0,76.0,0.473,0.102,0.425,0.0564,0.00179,0.057556,0.147994,0.001545,0.505,0.30999999999999994,0.19500000000000006,38.61386138613862,1.24,1.45,0.75,0.93
NOW,bull_put,2026-05-15,3,89.0,88.0,0.512,0.082,0.406,0.0642,0.001718,0.053333,0.18481,0.001429,0.475,0.3500000000000001,0.12499999999999989,26.315789473684188,1.85,2.0,1.4,1.5
MDT,bear_call,2026-05-15,3,77.0,77.5,0.528,0.0983,0.3737,0.067,0.001662,0.049364,0.165537,0.00141,0.225,-0.19000000000000006,0.41500000000000004,184.44444444444446,0.48,0.88,0.24,0.67
INTC,bull_put,2026-05-15,3,122.0,121.0,0.476,0.056,0.468,0.0526,0.001611,0.058105,0.228499,0.001283,0.525,0.35000000000000053,0.1749999999999995,33.333333333333236,5.2,5.4,4.7,4.85
DIS,bull_put,2026-05-15,3,106.0,105.0,0.529,0.126,0.345,0.0588,0.00114,0.038596,0.133604,0.000998,0.43,0.29000000000000004,0.13999999999999996,32.558139534883715,1.04,1.24,0.67,0.75
TXN,bear_call,2026-05-15,3,295.0,297.5,0.4835,0.0798,0.4367,0.0468,0.001183,0.0468,0.183688,0.000985,1.25,0.34999999999999964,0.9000000000000004,72.00000000000003,4.75,5.6,3.45,4.4
NFLX,bull_put,2026-05-15,3,88.0,87.0,0.461,0.141,0.398,0.0511,0.001078,0.042157,0.098737,0.000977,0.49,0.45999999999999996,0.030000000000000027,6.122448979591842,1.26,1.3,0.78,0.8
CVX,bear_call,2026-05-15,3,185.0,187.5,0.4217,0.1806,0.3977,0.0396,0.000963,0.041212,0.058697,0.000909,1.275,0.98,0.29499999999999993,23.13725490196078,2.52,2.93,1.36,1.54
ADI,bear_call,2026-05-15,3,420.0,422.5,0.4959,0.0531,0.451,0.0449,0.001062,0.0449,0.235792,0.000839,1.25,-1.1000000000000005,2.3500000000000005,188.00000000000003,6.3,8.6,5.0,7.4
MO,bear_call,2026-05-15,3,70.0,71.0,0.5155,0.1573,0.3272,0.0538,0.0009,0.033304,0.100548,0.000814,0.425,0.29000000000000004,0.13499999999999995,31.764705882352935,0.53,0.77,0.21,0.24
PYPL,bull_put,2026-05-15,3,45.5,45.0,0.491,0.142,0.367,0.0311,0.00034,0.021818,0.104306,0.000306,0.225,0.13,0.095,42.22222222222222,0.52,0.64,0.32,0.39
SBUX,bear_call,2026-05-15,3,107.0,108.0,0.5469,0.0417,0.4114,0.0299,0.000344,0.022973,0.270671,0.000262,0.445,0.15000000000000002,0.295,66.29213483146067,0.84,1.15,0.41,0.69
CSCO,bull_put,2026-05-15,3,100.0,99.0,0.491,0.041,0.468,0.023,0.000275,0.023,0.263051,0.000211,0.5,0.20000000000000018,0.2999999999999998,59.999999999999964,4.0,4.4,3.6,3.8
TJX,bull_put,2026-05-15,3,150.0,149.0,0.535,0.097,0.368,0.0222,0.000164,0.014783,0.169791,0.000138,0.425,-0.3500000000000001,0.7750000000000001,182.35294117647064,0.75,1.8,0.6,1.1
GOOGL,bear_call,2026-05-15,3,387.5,390.0,0.4952,0.0669,0.4379,0.0193,0.000161,0.016635,0.208052,0.000131,1.2,1.0499999999999998,0.15000000000000013,12.50000000000001,4.6,4.75,3.4,3.55
SCHW,bear_call,2026-05-15,3,90.0,91.0,0.4702,0.1043,0.4255,0.0169,0.000121,0.014272,0.144447,0.000105,0.485,0.3900000000000001,0.09499999999999986,19.587628865979354,1.59,1.68,1.1,1.2
MSFT,bull_put,2026-05-18,6,410.0,405.0,0.448,0.118,0.434,0.014,0.00011,0.014,0.124446,9.7e-05,2.5,2.1500000000000004,0.34999999999999964,13.999999999999984,6.4,6.85,4.0,4.25
BAC,bear_call,2026-05-15,3,51.0,51.5,0.5502,0.1324,0.3174,0.0191,0.0001,0.010492,0.137933,8.7e-05,0.195,0.16999999999999998,0.025000000000000022,12.82051282051283,0.47,0.5,0.28,0.3
MSFT,bear_call,2026-05-18,6,410.0,412.5,0.5513,0.0698,0.3789,0.0159,8.5e-05,0.01069,0.216794,6.8e-05,1.05,0.5999999999999996,0.4500000000000004,42.8571428571429,4.35,4.7,3.2,3.75
AAPL,bull_put,2026-05-15,3,295.0,292.5,0.497,0.136,0.367,0.0132,5.9e-05,0.008929,0.111915,5.3e-05,1.1,0.9300000000000002,0.16999999999999993,15.454545454545446,2.83,3.05,1.78,1.9
MSFT,bull_put,2026-05-20,8,410.0,405.0,0.46,0.118,0.422,0.01,3.6e-05,0.007767,0.125154,3.2e-05,2.425,1.5500000000000007,0.8749999999999991,36.08247422680409,7.15,8.25,4.95,5.6
ABBV,bull_put,2026-05-15,3,207.5,205.0,0.532,0.161,0.307,0.01,1.4e-05,0.004098,0.10628,1.3e-05,0.975,0.41999999999999993,0.555,56.923076923076934,1.91,2.38,0.85,1.49
