variant,thr,win,n,final,sh_dollar,max_dd,yield_pct,med_1y
canon,0.005,IS,4846,96384.64,1.2,-34.76,9.88,30.8
canon,0.005,OOT,682,44162.15,5.68,-3.34,22.16,37.0
demeaned,0.005,IS,2034,47115.14,0.85,-27.35,9.57,-2.4
demeaned,0.005,OOT,319,29008.72,2.05,-3.89,20.33,-2.8
demeaned,0.003,IS,2672,61743.41,1.16,-26.22,11.02,-2.2
demeaned,0.003,OOT,441,35307.82,3.52,-2.28,24.41,2.0
demeaned,0.002,IS,3233,64766.57,1.11,-29.01,9.64,-1.0
demeaned,0.002,OOT,537,35352.44,3.2,-4.08,19.54,1.7
demeaned,0.001,IS,4133,78675.34,1.21,-31.13,9.71,1.0
demeaned,0.001,OOT,688,40350.29,3.81,-4.79,19.85,4.9
demeaned,0.0005,IS,4994,95251.21,1.36,-29.87,10.18,2.5
demeaned,0.0005,OOT,813,43076.99,4.01,-8.31,18.75,7.3
demeaned,0.0,IS,6834,116991.44,1.34,-31.33,9.38,5.7
demeaned,0.0,OOT,1075,41376.45,3.27,-16.33,12.64,10.6
demeaned,-1.0,IS,8019,127171.06,1.29,-33.53,8.84,9.2
demeaned,-1.0,OOT,1215,45491.14,3.54,-18.14,13.2,11.9
